"adapt(USA)","par[0]",par,0,
"adapt(ROW)","par[1]",par,1,
"aeye(USA,USA)","par[2]",par,2,
"aeye(USA,ROW)","par[3]",par,3,
"aeye(ROW,USA)","par[4]",par,4,
"aeye(ROW,ROW)","par[5]",par,5,
"ainv(USA,USA)","par[6]",par,6,
"ainv(USA,ROW)","par[7]",par,7,
"ainv(ROW,USA)","par[8]",par,8,
"ainv(ROW,ROW)","par[9]",par,9,
"ashr(USA,USA)","par[10]",par,10,
"ashr(USA,ROW)","par[11]",par,11,
"ashr(ROW,USA)","par[12]",par,12,
"ashr(ROW,ROW)","par[13]",par,13,
"base_jk(a01,USA)","par[14]",par,14,
"base_jk(a01,ROW)","par[15]",par,15,
"base_jk(a02,USA)","par[16]",par,16,
"base_jk(a02,ROW)","par[17]",par,17,
"btucoef(g01,USA)","par[18]",par,18,
"btucoef(g01,ROW)","par[19]",par,19,
"btucoef(g02,USA)","par[20]",par,20,
"btucoef(g02,ROW)","par[21]",par,21,
"carcoef(g01,USA)","par[22]",par,22,
"carcoef(g01,ROW)","par[23]",par,23,
"carcoef(g02,USA)","par[24]",par,24,
"carcoef(g02,ROW)","par[25]",par,25,
"cd_df(g01,USA)","par[26]",par,26,
"cd_df(g01,ROW)","par[27]",par,27,
"cd_df(g02,USA)","par[28]",par,28,
"cd_df(g02,ROW)","par[29]",par,29,
"cd_e(a01,USA)","par[30]",par,30,
"cd_e(a01,ROW)","par[31]",par,31,
"cd_e(a02,USA)","par[32]",par,32,
"cd_e(a02,ROW)","par[33]",par,33,
"cd_eH(USA)","par[34]",par,34,
"cd_eH(ROW)","par[35]",par,35,
"cd_eR(USA)","par[36]",par,36,
"cd_eR(ROW)","par[37]",par,37,
"cd_ff(g01,USA)","par[38]",par,38,
"cd_ff(g01,ROW)","par[39]",par,39,
"cd_ff(g02,USA)","par[40]",par,40,
"cd_ff(g02,ROW)","par[41]",par,41,
"cd_m(a01,USA)","par[42]",par,42,
"cd_m(a01,ROW)","par[43]",par,43,
"cd_m(a02,USA)","par[44]",par,44,
"cd_m(a02,ROW)","par[45]",par,45,
"cd_mH(USA)","par[46]",par,46,
"cd_mH(ROW)","par[47]",par,47,
"cd_mR(USA)","par[48]",par,48,
"cd_mR(ROW)","par[49]",par,49,
"cd_o(a01,USA)","par[50]",par,50,
"cd_o(a01,ROW)","par[51]",par,51,
"cd_o(a02,USA)","par[52]",par,52,
"cd_o(a02,ROW)","par[53]",par,53,
"cd_oH(USA)","par[54]",par,54,
"cd_oH(ROW)","par[55]",par,55,
"cd_oR(USA)","par[56]",par,56,
"cd_oR(ROW)","par[57]",par,57,
"delta(USA)","par[58]",par,58,
"delta(ROW)","par[59]",par,59,
"delta_dom(g01,USA)","par[60]",par,60,
"delta_dom(g01,ROW)","par[61]",par,61,
"delta_dom(g02,USA)","par[62]",par,62,
"delta_dom(g02,ROW)","par[63]",par,63,
"delta_e(USA,a01,g01)","par[64]",par,64,
"delta_e(USA,a02,g01)","par[65]",par,65,
"delta_e(ROW,a01,g01)","par[66]",par,66,
"delta_e(ROW,a02,g01)","par[67]",par,67,
"delta_eG(g01,USA)","par[68]",par,68,
"delta_eG(g01,ROW)","par[69]",par,69,
"delta_eH(g01,USA)","par[70]",par,70,
"delta_eH(g01,ROW)","par[71]",par,71,
"delta_eR(g01,USA)","par[72]",par,72,
"delta_eR(g01,ROW)","par[73]",par,73,
"delta_ff(g01,USA,USA)","par[74]",par,74,
"delta_ff(g01,USA,ROW)","par[75]",par,75,
"delta_ff(g01,ROW,USA)","par[76]",par,76,
"delta_ff(g01,ROW,ROW)","par[77]",par,77,
"delta_ff(g02,USA,USA)","par[78]",par,78,
"delta_ff(g02,USA,ROW)","par[79]",par,79,
"delta_ff(g02,ROW,USA)","par[80]",par,80,
"delta_ff(g02,ROW,ROW)","par[81]",par,81,
"delta_m(USA,a01,g02)","par[82]",par,82,
"delta_m(USA,a02,g02)","par[83]",par,83,
"delta_m(ROW,a01,g02)","par[84]",par,84,
"delta_m(ROW,a02,g02)","par[85]",par,85,
"delta_mG(g02,USA)","par[86]",par,86,
"delta_mG(g02,ROW)","par[87]",par,87,
"delta_mH(g02,USA)","par[88]",par,88,
"delta_mH(g02,ROW)","par[89]",par,89,
"delta_mR(g02,USA)","par[90]",par,90,
"delta_mR(g02,ROW)","par[91]",par,91,
"delta_o(K,a01,USA)","par[92]",par,92,
"delta_o(K,a01,ROW)","par[93]",par,93,
"delta_o(K,a02,USA)","par[94]",par,94,
"delta_o(K,a02,ROW)","par[95]",par,95,
"delta_o(L,a01,USA)","par[96]",par,96,
"delta_o(L,a01,ROW)","par[97]",par,97,
"delta_o(L,a02,USA)","par[98]",par,98,
"delta_o(L,a02,ROW)","par[99]",par,99,
"delta_o(E,a01,USA)","par[100]",par,100,
"delta_o(E,a01,ROW)","par[101]",par,101,
"delta_o(E,a02,USA)","par[102]",par,102,
"delta_o(E,a02,ROW)","par[103]",par,103,
"delta_o(M,a01,USA)","par[104]",par,104,
"delta_o(M,a01,ROW)","par[105]",par,105,
"delta_o(M,a02,USA)","par[106]",par,106,
"delta_o(M,a02,ROW)","par[107]",par,107,
"delta_oG(K,USA)","par[108]",par,108,
"delta_oG(K,ROW)","par[109]",par,109,
"delta_oG(L,USA)","par[110]",par,110,
"delta_oG(L,ROW)","par[111]",par,111,
"delta_oG(E,USA)","par[112]",par,112,
"delta_oG(E,ROW)","par[113]",par,113,
"delta_oG(M,USA)","par[114]",par,114,
"delta_oG(M,ROW)","par[115]",par,115,
"delta_oH(K,USA)","par[116]",par,116,
"delta_oH(K,ROW)","par[117]",par,117,
"delta_oH(L,USA)","par[118]",par,118,
"delta_oH(L,ROW)","par[119]",par,119,
"delta_oH(E,USA)","par[120]",par,120,
"delta_oH(E,ROW)","par[121]",par,121,
"delta_oH(M,USA)","par[122]",par,122,
"delta_oH(M,ROW)","par[123]",par,123,
"delta_oR(K,USA)","par[124]",par,124,
"delta_oR(K,ROW)","par[125]",par,125,
"delta_oR(L,USA)","par[126]",par,126,
"delta_oR(L,ROW)","par[127]",par,127,
"delta_oR(E,USA)","par[128]",par,128,
"delta_oR(E,ROW)","par[129]",par,129,
"delta_oR(M,USA)","par[130]",par,130,
"delta_oR(M,ROW)","par[131]",par,131,
"eer_weight(USA,USA)","par[132]",par,132,
"eer_weight(USA,ROW)","par[133]",par,133,
"eer_weight(ROW,USA)","par[134]",par,134,
"eer_weight(ROW,ROW)","par[135]",par,135,
"fore_c(USA)","par[136]",par,136,
"fore_c(ROW)","par[137]",par,137,
"fore_i_y(USA)","par[138]",par,138,
"fore_i_y(ROW)","par[139]",par,139,
"fore_i_z(USA)","par[140]",par,140,
"fore_i_z(ROW)","par[141]",par,141,
"forei(a01,USA)","par[142]",par,142,
"forei(a01,ROW)","par[143]",par,143,
"forei(a02,USA)","par[144]",par,144,
"forei(a02,ROW)","par[145]",par,145,
"FTA(USA,USA)","par[146]",par,146,
"FTA(USA,ROW)","par[147]",par,147,
"FTA(ROW,USA)","par[148]",par,148,
"FTA(ROW,ROW)","par[149]",par,149,
"int_elast(USA)","par[150]",par,150,
"int_elast(ROW)","par[151]",par,151,
"labgrow(USA)","par[152]",par,152,
"labgrow(ROW)","par[153]",par,153,
"makeinv(g01,a01,USA)","par[154]",par,154,
"makeinv(g01,a01,ROW)","par[155]",par,155,
"makeinv(g01,a02,USA)","par[156]",par,156,
"makeinv(g01,a02,ROW)","par[157]",par,157,
"makeinv(g02,a01,USA)","par[158]",par,158,
"makeinv(g02,a01,ROW)","par[159]",par,159,
"makeinv(g02,a02,USA)","par[160]",par,160,
"makeinv(g02,a02,ROW)","par[161]",par,161,
"mongdp(USA)","par[162]",par,162,
"mongdp(ROW)","par[163]",par,163,
"mpc(USA)","par[164]",par,164,
"mpc(ROW)","par[165]",par,165,
"mrule_1(USA)","par[166]",par,166,
"mrule_1(ROW)","par[167]",par,167,
"mrule_10(USA)","par[168]",par,168,
"mrule_10(ROW)","par[169]",par,169,
"mrule_11(USA)","par[170]",par,170,
"mrule_11(ROW)","par[171]",par,171,
"mrule_12(USA)","par[172]",par,172,
"mrule_12(ROW)","par[173]",par,173,
"mrule_13(USA)","par[174]",par,174,
"mrule_13(ROW)","par[175]",par,175,
"mrule_14(USA)","par[176]",par,176,
"mrule_14(ROW)","par[177]",par,177,
"mrule_15(USA)","par[178]",par,178,
"mrule_15(ROW)","par[179]",par,179,
"mrule_2(USA)","par[180]",par,180,
"mrule_2(ROW)","par[181]",par,181,
"mrule_3(USA)","par[182]",par,182,
"mrule_3(ROW)","par[183]",par,183,
"mrule_4(USA)","par[184]",par,184,
"mrule_4(ROW)","par[185]",par,185,
"mrule_5(USA)","par[186]",par,186,
"mrule_5(ROW)","par[187]",par,187,
"mrule_6(USA)","par[188]",par,188,
"mrule_6(ROW)","par[189]",par,189,
"mrule_7(USA)","par[190]",par,190,
"mrule_7(ROW)","par[191]",par,191,
"mrule_8(USA)","par[192]",par,192,
"mrule_8(ROW)","par[193]",par,193,
"mrule_9(USA)","par[194]",par,194,
"mrule_9(ROW)","par[195]",par,195,
"mrule_ex(USA)","par[196]",par,196,
"mrule_ex(ROW)","par[197]",par,197,
"mrule_m(USA)","par[198]",par,198,
"mrule_m(ROW)","par[199]",par,199,
"mrule_r(USA)","par[200]",par,200,
"mrule_r(ROW)","par[201]",par,201,
"MUL(USA,USA)","par[202]",par,202,
"MUL(USA,ROW)","par[203]",par,203,
"MUL(ROW,USA)","par[204]",par,204,
"MUL(ROW,ROW)","par[205]",par,205,
"phi(a01,USA)","par[206]",par,206,
"phi(a01,ROW)","par[207]",par,207,
"phi(a02,USA)","par[208]",par,208,
"phi(a02,ROW)","par[209]",par,209,
"phi_y(USA)","par[210]",par,210,
"phi_y(ROW)","par[211]",par,211,
"phi_z(USA)","par[212]",par,212,
"phi_z(ROW)","par[213]",par,213,
"prid_weight(g01,USA)","par[214]",par,214,
"prid_weight(g01,ROW)","par[215]",par,215,
"prid_weight(g02,USA)","par[216]",par,216,
"prid_weight(g02,ROW)","par[217]",par,217,
"prim_weight(g01,USA)","par[218]",par,218,
"prim_weight(g01,ROW)","par[219]",par,219,
"prim_weight(g02,USA)","par[220]",par,220,
"prim_weight(g02,ROW)","par[221]",par,221,
"prix_weight(g01,USA)","par[222]",par,222,
"prix_weight(g01,ROW)","par[223]",par,223,
"prix_weight(g02,USA)","par[224]",par,224,
"prix_weight(g02,ROW)","par[225]",par,225,
"sigma_df(g01,USA)","par[226]",par,226,
"sigma_df(g01,ROW)","par[227]",par,227,
"sigma_df(g02,USA)","par[228]",par,228,
"sigma_df(g02,ROW)","par[229]",par,229,
"sigma_e(a01,USA)","par[230]",par,230,
"sigma_e(a01,ROW)","par[231]",par,231,
"sigma_e(a02,USA)","par[232]",par,232,
"sigma_e(a02,ROW)","par[233]",par,233,
"sigma_eH(USA)","par[234]",par,234,
"sigma_eH(ROW)","par[235]",par,235,
"sigma_eR(USA)","par[236]",par,236,
"sigma_eR(ROW)","par[237]",par,237,
"sigma_ff(g01,USA)","par[238]",par,238,
"sigma_ff(g01,ROW)","par[239]",par,239,
"sigma_ff(g02,USA)","par[240]",par,240,
"sigma_ff(g02,ROW)","par[241]",par,241,
"sigma_m(a01,USA)","par[242]",par,242,
"sigma_m(a01,ROW)","par[243]",par,243,
"sigma_m(a02,USA)","par[244]",par,244,
"sigma_m(a02,ROW)","par[245]",par,245,
"sigma_mH(USA)","par[246]",par,246,
"sigma_mH(ROW)","par[247]",par,247,
"sigma_mR(USA)","par[248]",par,248,
"sigma_mR(ROW)","par[249]",par,249,
"sigma_o(a01,USA)","par[250]",par,250,
"sigma_o(a01,ROW)","par[251]",par,251,
"sigma_o(a02,USA)","par[252]",par,252,
"sigma_o(a02,ROW)","par[253]",par,253,
"sigma_oH(USA)","par[254]",par,254,
"sigma_oH(ROW)","par[255]",par,255,
"sigma_oR(USA)","par[256]",par,256,
"sigma_oR(ROW)","par[257]",par,257,
"timepref(USA)","par[258]",par,258,
"timepref(ROW)","par[259]",par,259,
"transgdp(USA)","par[260]",par,260,
"transgdp(ROW)","par[261]",par,261,
"wage_p(USA)","par[262]",par,262,
"wage_p(ROW)","par[263]",par,263,
"wage_q(USA)","par[264]",par,264,
"wage_q(ROW)","par[265]",par,265,
"ABUY(USA)","z1l[0]",z1l,0,ABUYUSA
"ABUY(ROW)","z1l[1]",z1l,1,ABUYROW
"ABUY(USA)","z1r[0]",z1r,0,ABUYUSA
"ABUY(ROW)","z1r[1]",z1r,1,ABUYROW
"ASSE(USA,USA)","x1l[0]",x1l,0,ASSEUU
"ASSE(USA,ROW)","x1l[1]",x1l,1,ASSERU
"ASSE(ROW,USA)","x1l[2]",x1l,2,ASSEUR
"ASSE(ROW,ROW)","x1l[3]",x1l,3,ASSERR
"ASSE(USA,USA)","yxr[0]",yxr,0,ASSEUU
"ASSE(USA,ROW)","yxr[1]",yxr,1,ASSERU
"ASSE(ROW,USA)","yxr[2]",yxr,2,ASSEUR
"ASSE(ROW,ROW)","yxr[3]",yxr,3,ASSERR
"ASSU(USA)","z1l[2]",z1l,2,ASSUUSA
"ASSU(ROW)","z1l[3]",z1l,3,ASSUROW
"ASSU(USA)","z1r[2]",z1r,2,ASSUUSA
"ASSU(ROW)","z1r[3]",z1r,3,ASSUROW
"BCOL(USA)","exo[0]",exo,0,BCOLUSA
"BCOL(ROW)","exo[1]",exo,1,BCOLROW
"BCT(g01,USA,USA)","exo[2]",exo,2,BCT1UU
"BCT(g01,USA,ROW)","exo[3]",exo,3,BCT1UR
"BCT(g01,ROW,USA)","exo[4]",exo,4,BCT1RU
"BCT(g01,ROW,ROW)","exo[5]",exo,5,BCT1RR
"BCT(g02,USA,USA)","exo[6]",exo,6,BCT2UU
"BCT(g02,USA,ROW)","exo[7]",exo,7,BCT2UR
"BCT(g02,ROW,USA)","exo[8]",exo,8,BCT2RU
"BCT(g02,ROW,ROW)","exo[9]",exo,9,BCT2RR
"BGAS(USA)","exo[10]",exo,10,BGASUSA
"BGAS(ROW)","exo[11]",exo,11,BGASROW
"BOIL(USA)","exo[12]",exo,12,BOILUSA
"BOIL(ROW)","exo[13]",exo,13,BOILROW
"BOND(USA)","x1l[4]",x1l,4,BONDUSA
"BOND(ROW)","x1l[5]",x1l,5,BONDROW
"BOND(USA)","yxr[4]",yxr,4,BONDUSA
"BOND(ROW)","yxr[5]",yxr,5,BONDROW
"CAP(a01,USA)","x1l[6]",x1l,6,CAP1USA
"CAP(a01,ROW)","x1l[7]",x1l,7,CAP1ROW
"CAP(a02,USA)","x1l[8]",x1l,8,CAP2USA
"CAP(a02,ROW)","x1l[9]",x1l,9,CAP2ROW
"CAP(a01,USA)","yxr[6]",yxr,6,CAP1USA
"CAP(a01,ROW)","yxr[7]",yxr,7,CAP1ROW
"CAP(a02,USA)","yxr[8]",yxr,8,CAP2USA
"CAP(a02,ROW)","yxr[9]",yxr,9,CAP2ROW
"CAPY(USA)","x1l[10]",x1l,10,CAPYUSA
"CAPY(ROW)","x1l[11]",x1l,11,CAPYROW
"CAPY(USA)","yxr[10]",yxr,10,CAPYUSA
"CAPY(ROW)","yxr[11]",yxr,11,CAPYROW
"CAPZ(USA)","x1l[12]",x1l,12,CAPZUSA
"CAPZ(ROW)","x1l[13]",x1l,13,CAPZROW
"CAPZ(USA)","yxr[12]",yxr,12,CAPZUSA
"CAPZ(ROW)","yxr[13]",yxr,13,CAPZROW
"CNPE(USA)","z1l[4]",z1l,4,CNPEUSA
"CNPE(ROW)","z1l[5]",z1l,5,CNPEROW
"CNPE(USA)","z1r[4]",z1r,4,CNPEUSA
"CNPE(ROW)","z1r[5]",z1r,5,CNPEROW
"CNPK(USA)","z1l[6]",z1l,6,CNPKUSA
"CNPK(ROW)","z1l[7]",z1l,7,CNPKROW
"CNPK(USA)","z1r[6]",z1r,6,CNPKUSA
"CNPK(ROW)","z1r[7]",z1r,7,CNPKROW
"CNPL(USA)","z1l[8]",z1l,8,CNPLUSA
"CNPL(ROW)","z1l[9]",z1l,9,CNPLROW
"CNPL(USA)","z1r[8]",z1r,8,CNPLUSA
"CNPL(ROW)","z1r[9]",z1r,9,CNPLROW
"CNPO(USA)","z1l[10]",z1l,10,CNPOUSA
"CNPO(ROW)","z1l[11]",z1l,11,CNPOROW
"CNPO(USA)","z1r[10]",z1r,10,CNPOUSA
"CNPO(ROW)","z1r[11]",z1r,11,CNPOROW
"CON(g01,USA)","z1l[12]",z1l,12,CON1USA
"CON(g01,ROW)","z1l[13]",z1l,13,CON1ROW
"CON(g02,USA)","z1l[14]",z1l,14,CON2USA
"CON(g02,ROW)","z1l[15]",z1l,15,CON2ROW
"CON(g01,USA)","z1r[12]",z1r,12,CON1USA
"CON(g01,ROW)","z1r[13]",z1r,13,CON1ROW
"CON(g02,USA)","z1r[14]",z1r,14,CON2USA
"CON(g02,ROW)","z1r[15]",z1r,15,CON2ROW
"CONP(USA)","z1l[16]",z1l,16,CONPUSA
"CONP(ROW)","z1l[17]",z1l,17,CONPROW
"CONP(USA)","z1r[16]",z1r,16,CONPUSA
"CONP(ROW)","z1r[17]",z1r,17,CONPROW
"CURN(USA)","z1l[18]",z1l,18,CURNUSA
"CURN(ROW)","z1l[19]",z1l,19,CURNROW
"CURN(USA)","z1r[18]",z1r,18,CURNUSA
"CURN(ROW)","z1r[19]",z1r,19,CURNROW
"CURR(USA)","z1l[20]",z1l,20,CURRUSA
"CURR(ROW)","z1l[21]",z1l,21,CURRROW
"CURR(USA)","z1r[20]",z1r,20,CURRUSA
"CURR(ROW)","z1r[21]",z1r,21,CURRROW
"DEFI(USA)","z1l[22]",z1l,22,DEFIUSA
"DEFI(ROW)","z1l[23]",z1l,23,DEFIROW
"DEFI(USA)","z1r[22]",z1r,22,DEFIUSA
"DEFI(ROW)","z1r[23]",z1r,23,DEFIROW
"DEFN(USA)","z1l[24]",z1l,24,DEFNUSA
"DEFN(ROW)","z1l[25]",z1l,25,DEFNROW
"DEFN(USA)","z1r[24]",z1r,24,DEFNUSA
"DEFN(ROW)","z1r[25]",z1r,25,DEFNROW
"DEFX(USA)","exo[14]",exo,14,DEFXUSA
"DEFX(ROW)","exo[15]",exo,15,DEFXROW
"ECOL(USA)","exo[16]",exo,16,ECOLUSA
"ECOL(ROW)","exo[17]",exo,17,ECOLROW
"EGAS(USA)","exo[18]",exo,18,EGASUSA
"EGAS(ROW)","exo[19]",exo,19,EGASROW
"EN(a01,g01,USA)","z1l[26]",z1l,26,EN11USA
"EN(a01,g01,ROW)","z1l[27]",z1l,27,EN11ROW
"EN(a02,g01,USA)","z1l[28]",z1l,28,EN21USA
"EN(a02,g01,ROW)","z1l[29]",z1l,29,EN21ROW
"EN(a01,g01,USA)","z1r[26]",z1r,26,EN11USA
"EN(a01,g01,ROW)","z1r[27]",z1r,27,EN11ROW
"EN(a02,g01,USA)","z1r[28]",z1r,28,EN21USA
"EN(a02,g01,ROW)","z1r[29]",z1r,29,EN21ROW
"ENT(a01,USA)","z1l[30]",z1l,30,ENT1USA
"ENT(a01,ROW)","z1l[31]",z1l,31,ENT1ROW
"ENT(a02,USA)","z1l[32]",z1l,32,ENT2USA
"ENT(a02,ROW)","z1l[33]",z1l,33,ENT2ROW
"ENT(a01,USA)","z1r[30]",z1r,30,ENT1USA
"ENT(a01,ROW)","z1r[31]",z1r,31,ENT1ROW
"ENT(a02,USA)","z1r[32]",z1r,32,ENT2USA
"ENT(a02,ROW)","z1r[33]",z1r,33,ENT2ROW
"EOIL(USA)","exo[20]",exo,20,EOILUSA
"EOIL(ROW)","exo[21]",exo,21,EOILROW
"EPRC(USA)","z1l[34]",z1l,34,EPRCUSA
"EPRC(ROW)","z1l[35]",z1l,35,EPRCROW
"EPRC(USA)","z1r[34]",z1r,34,EPRCUSA
"EPRC(ROW)","z1r[35]",z1r,35,EPRCROW
"EXCH(USA)","x1l[14]",x1l,14,EXCHUU
"EXCH(ROW)","x1l[15]",x1l,15,EXCHRU
"EXCH(USA)","yxr[14]",yxr,14,EXCHUU
"EXCH(ROW)","yxr[15]",yxr,15,EXCHRU
"EXCH(USA)","x1r[14]",x1r,14,EXCHUU
"EXCH(ROW)","x1r[15]",x1r,15,EXCHRU
"EXCL(USA)","x1l[16]",x1l,16,EXCLUSA
"EXCL(ROW)","x1l[17]",x1l,17,EXCLROW
"EXCL(USA)","yxr[16]",yxr,16,EXCLUSA
"EXCL(ROW)","yxr[17]",yxr,17,EXCLROW
"EXCR(USA)","exo[22]",exo,22,EXCRUSA
"EXCR(ROW)","exo[23]",exo,23,EXCRROW
"EXCX(USA)","exo[24]",exo,24,EXCXUSA
"EXCX(ROW)","exo[25]",exo,25,EXCXROW
"EXQ(g01,USA)","z1l[36]",z1l,36,EXQ1USA
"EXQ(g01,ROW)","z1l[37]",z1l,37,EXQ1ROW
"EXQ(g02,USA)","z1l[38]",z1l,38,EXQ2USA
"EXQ(g02,ROW)","z1l[39]",z1l,39,EXQ2ROW
"EXQ(g01,USA)","z1r[36]",z1r,36,EXQ1USA
"EXQ(g01,ROW)","z1r[37]",z1r,37,EXQ1ROW
"EXQ(g02,USA)","z1r[38]",z1r,38,EXQ2USA
"EXQ(g02,ROW)","z1r[39]",z1r,39,EXQ2ROW
"EXQT(USA)","z1l[40]",z1l,40,EXQTUSA
"EXQT(ROW)","z1l[41]",z1l,41,EXQTROW
"EXQT(USA)","z1r[40]",z1r,40,EXQTUSA
"EXQT(ROW)","z1r[41]",z1r,41,EXQTROW
"EYGR(USA)","z1l[42]",z1l,42,EYGRUSA
"EYGR(ROW)","z1l[43]",z1l,43,EYGRROW
"EYGR(USA)","z1r[42]",z1r,42,EYGRUSA
"EYGR(ROW)","z1r[43]",z1r,43,EYGRROW
"GCE(g01,USA)","z1l[44]",z1l,44,GCE1USA
"GCE(g01,ROW)","z1l[45]",z1l,45,GCE1ROW
"GCE(g02,USA)","z1l[46]",z1l,46,GCE2USA
"GCE(g02,ROW)","z1l[47]",z1l,47,GCE2ROW
"GCE(g01,USA)","z1r[44]",z1r,44,GCE1USA
"GCE(g01,ROW)","z1r[45]",z1r,45,GCE1ROW
"GCE(g02,USA)","z1r[46]",z1r,46,GCE2USA
"GCE(g02,ROW)","z1r[47]",z1r,47,GCE2ROW
"GCET(USA)","z1l[48]",z1l,48,GCETUSA
"GCET(ROW)","z1l[49]",z1l,49,GCETROW
"GCET(USA)","z1r[48]",z1r,48,GCETUSA
"GCET(ROW)","z1r[49]",z1r,49,GCETROW
"GDPN(USA)","z1l[50]",z1l,50,GDPNUSA
"GDPN(ROW)","z1l[51]",z1l,51,GDPNROW
"GDPN(USA)","z1r[50]",z1r,50,GDPNUSA
"GDPN(ROW)","z1r[51]",z1r,51,GDPNROW
"GDPR(USA)","z1l[52]",z1l,52,GDPRUSA
"GDPR(ROW)","z1l[53]",z1l,53,GDPRROW
"GDPR(USA)","z1r[52]",z1r,52,GDPRUSA
"GDPR(ROW)","z1r[53]",z1r,53,GDPRROW
"GNEN(USA)","z1l[54]",z1l,54,GNENUSA
"GNEN(ROW)","z1l[55]",z1l,55,GNENROW
"GNEN(USA)","z1r[54]",z1r,54,GNENUSA
"GNEN(ROW)","z1r[55]",z1r,55,GNENROW
"GNER(USA)","z1l[56]",z1l,56,GNERUSA
"GNER(ROW)","z1l[57]",z1l,57,GNERROW
"GNER(USA)","z1r[56]",z1r,56,GNERUSA
"GNER(ROW)","z1r[57]",z1r,57,GNERROW
"GNPR(USA)","z1l[58]",z1l,58,GNPRUSA
"GNPR(ROW)","z1l[59]",z1l,59,GNPRROW
"GNPR(USA)","z1r[58]",z1r,58,GNPRUSA
"GNPR(ROW)","z1r[59]",z1r,59,GNPRROW
"GOVL(USA)","exo[26]",exo,26,GOVLUSA
"GOVL(ROW)","exo[27]",exo,27,GOVLROW
"GOVS(USA)","exo[28]",exo,28,GOVSUSA
"GOVS(ROW)","exo[29]",exo,29,GOVSROW
"GOVT(USA)","z1l[60]",z1l,60,GOVTUSA
"GOVT(ROW)","z1l[61]",z1l,61,GOVTROW
"GOVT(USA)","z1r[60]",z1r,60,GOVTUSA
"GOVT(ROW)","z1r[61]",z1r,61,GOVTROW
"IIN(g01,USA)","z1l[62]",z1l,62,IIN1USA
"IIN(g01,ROW)","z1l[63]",z1l,63,IIN1ROW
"IIN(g02,USA)","z1l[64]",z1l,64,IIN2USA
"IIN(g02,ROW)","z1l[65]",z1l,65,IIN2ROW
"IIN(g01,USA)","z1r[62]",z1r,62,IIN1USA
"IIN(g01,ROW)","z1r[63]",z1r,63,IIN1ROW
"IIN(g02,USA)","z1r[64]",z1r,64,IIN2USA
"IIN(g02,ROW)","z1r[65]",z1r,65,IIN2ROW
"IITE(USA)","z1l[66]",z1l,66,IITEUSA
"IITE(ROW)","z1l[67]",z1l,67,IITEROW
"IITE(USA)","z1r[66]",z1r,66,IITEUSA
"IITE(ROW)","z1r[67]",z1r,67,IITEROW
"IITL(USA)","z1l[68]",z1l,68,IITLUSA
"IITL(ROW)","z1l[69]",z1l,69,IITLROW
"IITL(USA)","z1r[68]",z1r,68,IITLUSA
"IITL(ROW)","z1r[69]",z1r,69,IITLROW
"IITO(USA)","z1l[70]",z1l,70,IITOUSA
"IITO(ROW)","z1l[71]",z1l,71,IITOROW
"IITO(USA)","z1r[70]",z1r,70,IITOUSA
"IITO(ROW)","z1r[71]",z1r,71,IITOROW
"IMP(g01,USA,USA)","z1l[72]",z1l,72,IMP1UU
"IMP(g01,USA,ROW)","z1l[73]",z1l,73,IMP1UR
"IMP(g01,ROW,USA)","z1l[74]",z1l,74,IMP1RU
"IMP(g01,ROW,ROW)","z1l[75]",z1l,75,IMP1RR
"IMP(g02,USA,USA)","z1l[76]",z1l,76,IMP2UU
"IMP(g02,USA,ROW)","z1l[77]",z1l,77,IMP2UR
"IMP(g02,ROW,USA)","z1l[78]",z1l,78,IMP2RU
"IMP(g02,ROW,ROW)","z1l[79]",z1l,79,IMP2RR
"IMP(g01,USA,USA)","z1r[72]",z1r,72,IMP1UU
"IMP(g01,USA,ROW)","z1r[73]",z1r,73,IMP1UR
"IMP(g01,ROW,USA)","z1r[74]",z1r,74,IMP1RU
"IMP(g01,ROW,ROW)","z1r[75]",z1r,75,IMP1RR
"IMP(g02,USA,USA)","z1r[76]",z1r,76,IMP2UU
"IMP(g02,USA,ROW)","z1r[77]",z1r,77,IMP2UR
"IMP(g02,ROW,USA)","z1r[78]",z1r,78,IMP2RU
"IMP(g02,ROW,ROW)","z1r[79]",z1r,79,IMP2RR
"IMPX(g01,USA,USA)","exo[30]",exo,30,IMPX1UU
"IMPX(g01,USA,ROW)","exo[31]",exo,31,IMPX1UR
"IMPX(g01,ROW,USA)","exo[32]",exo,32,IMPX1RU
"IMPX(g01,ROW,ROW)","exo[33]",exo,33,IMPX1RR
"IMPX(g02,USA,USA)","exo[34]",exo,34,IMPX2UU
"IMPX(g02,USA,ROW)","exo[35]",exo,35,IMPX2UR
"IMPX(g02,ROW,USA)","exo[36]",exo,36,IMPX2RU
"IMPX(g02,ROW,ROW)","exo[37]",exo,37,IMPX2RR
"IMQ(g01,USA)","z1l[80]",z1l,80,IMQ1USA
"IMQ(g01,ROW)","z1l[81]",z1l,81,IMQ1ROW
"IMQ(g02,USA)","z1l[82]",z1l,82,IMQ2USA
"IMQ(g02,ROW)","z1l[83]",z1l,83,IMQ2ROW
"IMQ(g01,USA)","z1r[80]",z1r,80,IMQ1USA
"IMQ(g01,ROW)","z1r[81]",z1r,81,IMQ1ROW
"IMQ(g02,USA)","z1r[82]",z1r,82,IMQ2USA
"IMQ(g02,ROW)","z1r[83]",z1r,83,IMQ2ROW
"IMQT(USA)","z1l[84]",z1l,84,IMQTUSA
"IMQT(ROW)","z1l[85]",z1l,85,IMQTROW
"IMQT(USA)","z1r[84]",z1r,84,IMQTUSA
"IMQT(ROW)","z1r[85]",z1r,85,IMQTROW
"INAS(USA)","z1l[86]",z1l,86,INASUSA
"INAS(ROW)","z1l[87]",z1l,87,INASROW
"INAS(USA)","z1r[86]",z1r,86,INASUSA
"INAS(ROW)","z1r[87]",z1r,87,INASROW
"INCM(USA)","z1l[88]",z1l,88,INCMUSA
"INCM(ROW)","z1l[89]",z1l,89,INCMROW
"INCM(USA)","z1r[88]",z1r,88,INCMUSA
"INCM(ROW)","z1r[89]",z1r,89,INCMROW
"INFCL(USA)","z1l[90]",z1l,90,INFCLUSA
"INFCL(ROW)","z1l[91]",z1l,91,INFCLROW
"INFCL(USA)","z1r[90]",z1r,90,INFCLUSA
"INFCL(ROW)","z1r[91]",z1r,91,INFCLROW
"INFL(USA)","z1l[92]",z1l,92,INFLUSA
"INFL(ROW)","z1l[93]",z1l,93,INFLROW
"INFL(USA)","z1r[92]",z1r,92,INFLUSA
"INFL(ROW)","z1r[93]",z1r,93,INFLROW
"INFP(USA)","z1l[94]",z1l,94,INFPUSA
"INFP(ROW)","z1l[95]",z1l,95,INFPROW
"INFP(USA)","z1r[94]",z1r,94,INFPUSA
"INFP(ROW)","z1r[95]",z1r,95,INFPROW
"INFX(USA)","exo[38]",exo,38,INFXUSA
"INFX(ROW)","exo[39]",exo,39,INFXROW
"INPL(USA)","x1l[18]",x1l,18,INPLUSA
"INPL(ROW)","x1l[19]",x1l,19,INPLROW
"INPL(USA)","yxr[18]",yxr,18,INPLUSA
"INPL(ROW)","yxr[19]",yxr,19,INPLROW
"INPN(USA)","x1l[20]",x1l,20,INPNUSA
"INPN(ROW)","x1l[21]",x1l,21,INPNROW
"INPN(USA)","yxr[20]",yxr,20,INPNUSA
"INPN(ROW)","yxr[21]",yxr,21,INPNROW
"INPN(USA)","x1r[20]",x1r,20,INPNUSA
"INPN(ROW)","x1r[21]",x1r,21,INPNROW
"INS(USA,g01)","exo[40]",exo,40,INS1USA
"INS(USA,g02)","exo[41]",exo,41,INS2USA
"INS(ROW,g01)","exo[42]",exo,42,INS1ROW
"INS(ROW,g02)","exo[43]",exo,43,INS2ROW
"INTF(USA)","z1l[96]",z1l,96,INTFUSA
"INTF(ROW)","z1l[97]",z1l,97,INTFROW
"INTF(USA)","z1r[96]",z1r,96,INTFUSA
"INTF(ROW)","z1r[97]",z1r,97,INTFROW
"INTL(USA)","x1l[22]",x1l,22,INTLUSA
"INTL(ROW)","x1l[23]",x1l,23,INTLROW
"INTL(USA)","yxr[22]",yxr,22,INTLUSA
"INTL(ROW)","yxr[23]",yxr,23,INTLROW
"INTN(USA)","x1l[24]",x1l,24,INTNUSA
"INTN(ROW)","x1l[25]",x1l,25,INTNROW
"INTN(USA)","yxr[24]",yxr,24,INTNUSA
"INTN(ROW)","yxr[25]",yxr,25,INTNROW
"INTN(USA)","x1r[24]",x1r,24,INTNUSA
"INTN(ROW)","x1r[25]",x1r,25,INTNROW
"INTR(USA)","z1l[98]",z1l,98,INTRUSA
"INTR(ROW)","z1l[99]",z1l,99,INTRROW
"INTR(USA)","z1r[98]",z1r,98,INTRUSA
"INTR(ROW)","z1r[99]",z1r,99,INTRROW
"INTX(USA)","exo[44]",exo,44,INTXUSA
"INTX(ROW)","exo[45]",exo,45,INTXROW
"INV(a01,USA)","z1l[100]",z1l,100,INV1USA
"INV(a01,ROW)","z1l[101]",z1l,101,INV1ROW
"INV(a02,USA)","z1l[102]",z1l,102,INV2USA
"INV(a02,ROW)","z1l[103]",z1l,103,INV2ROW
"INV(a01,USA)","z1r[100]",z1r,100,INV1USA
"INV(a01,ROW)","z1r[101]",z1r,101,INV1ROW
"INV(a02,USA)","z1r[102]",z1r,102,INV2USA
"INV(a02,ROW)","z1r[103]",z1r,103,INV2ROW
"INVP(USA)","z1l[104]",z1l,104,INVPUSA
"INVP(ROW)","z1l[105]",z1l,105,INVPROW
"INVP(USA)","z1r[104]",z1r,104,INVPUSA
"INVP(ROW)","z1r[105]",z1r,105,INVPROW
"INVT(USA)","z1l[106]",z1l,106,INVTUSA
"INVT(ROW)","z1l[107]",z1l,107,INVTROW
"INVT(USA)","z1r[106]",z1r,106,INVTUSA
"INVT(ROW)","z1r[107]",z1r,107,INVTROW
"INVY(USA)","z1l[108]",z1l,108,INVYUSA
"INVY(ROW)","z1l[109]",z1l,109,INVYROW
"INVY(USA)","z1r[108]",z1r,108,INVYUSA
"INVY(ROW)","z1r[109]",z1r,109,INVYROW
"INVZ(USA)","z1l[110]",z1l,110,INVZUSA
"INVZ(ROW)","z1l[111]",z1l,111,INVZROW
"INVZ(USA)","z1r[110]",z1r,110,INVZUSA
"INVZ(ROW)","z1r[111]",z1r,111,INVZROW
"IRAS(USA)","z1l[112]",z1l,112,IRASUSA
"IRAS(ROW)","z1l[113]",z1l,113,IRASROW
"IRAS(USA)","z1r[112]",z1r,112,IRASUSA
"IRAS(ROW)","z1r[113]",z1r,113,IRASROW
"JNV(a01,USA)","z1l[114]",z1l,114,JNV1USA
"JNV(a01,ROW)","z1l[115]",z1l,115,JNV1ROW
"JNV(a02,USA)","z1l[116]",z1l,116,JNV2USA
"JNV(a02,ROW)","z1l[117]",z1l,117,JNV2ROW
"JNV(a01,USA)","z1r[114]",z1r,114,JNV1USA
"JNV(a01,ROW)","z1r[115]",z1r,115,JNV1ROW
"JNV(a02,USA)","z1r[116]",z1r,116,JNV2USA
"JNV(a02,ROW)","z1r[117]",z1r,117,JNV2ROW
"JNVY(USA)","z1l[118]",z1l,118,JNVYUSA
"JNVY(ROW)","z1l[119]",z1l,119,JNVYROW
"JNVY(USA)","z1r[118]",z1r,118,JNVYUSA
"JNVY(ROW)","z1r[119]",z1r,119,JNVYROW
"JNVZ(USA)","z1l[120]",z1l,120,JNVZUSA
"JNVZ(ROW)","z1l[121]",z1l,121,JNVZROW
"JNVZ(USA)","z1r[120]",z1r,120,JNVZUSA
"JNVZ(ROW)","z1r[121]",z1r,121,JNVZROW
"LAB(a01,USA)","z1l[122]",z1l,122,LAB1USA
"LAB(a01,ROW)","z1l[123]",z1l,123,LAB1ROW
"LAB(a02,USA)","z1l[124]",z1l,124,LAB2USA
"LAB(a02,ROW)","z1l[125]",z1l,125,LAB2ROW
"LAB(a01,USA)","z1r[122]",z1r,122,LAB1USA
"LAB(a01,ROW)","z1r[123]",z1r,123,LAB1ROW
"LAB(a02,USA)","z1r[124]",z1r,124,LAB2USA
"LAB(a02,ROW)","z1r[125]",z1r,125,LAB2ROW
"LABO(USA)","z1l[126]",z1l,126,LABOUSA
"LABO(ROW)","z1l[127]",z1l,127,LABOROW
"LABO(USA)","z1r[126]",z1r,126,LABOUSA
"LABO(ROW)","z1r[127]",z1r,127,LABOROW
"LABX(USA)","exo[46]",exo,46,LABXUSA
"LABX(ROW)","exo[47]",exo,47,LABXROW
"LAM(a01,USA)","j1l[0]",j1l,0,LAM1USA
"LAM(a01,ROW)","j1l[1]",j1l,1,LAM1ROW
"LAM(a02,USA)","j1l[2]",j1l,2,LAM2USA
"LAM(a02,ROW)","j1l[3]",j1l,3,LAM2ROW
"LAM(a01,USA)","yjr[0]",yjr,0,LAM1USA
"LAM(a01,ROW)","yjr[1]",yjr,1,LAM1ROW
"LAM(a02,USA)","yjr[2]",yjr,2,LAM2USA
"LAM(a02,ROW)","yjr[3]",yjr,3,LAM2ROW
"LAMY(USA)","j1l[4]",j1l,4,LAMYUSA
"LAMY(ROW)","j1l[5]",j1l,5,LAMYROW
"LAMY(USA)","yjr[4]",yjr,4,LAMYUSA
"LAMY(ROW)","yjr[5]",yjr,5,LAMYROW
"LAMZ(USA)","j1l[6]",j1l,6,LAMZUSA
"LAMZ(ROW)","j1l[7]",j1l,7,LAMZROW
"LAMZ(USA)","yjr[6]",yjr,6,LAMZUSA
"LAMZ(ROW)","yjr[7]",yjr,7,LAMZROW
"LGDPN(USA)","exo[48]",exo,48,LGDPNUSA
"LGDPN(ROW)","exo[49]",exo,49,LGDPNROW
"LGDPR(USA)","exo[50]",exo,50,LGDPRUSA
"LGDPR(ROW)","exo[51]",exo,51,LGDPRROW
"MONE(USA)","z1l[128]",z1l,128,MONEUSA
"MONE(ROW)","z1l[129]",z1l,129,MONEROW
"MONE(USA)","z1r[128]",z1r,128,MONEUSA
"MONE(ROW)","z1r[129]",z1r,129,MONEROW
"NB02(USA)","z1l[130]",z1l,130,NB02USA
"NB02(ROW)","z1l[131]",z1l,131,NB02ROW
"NB02(USA)","z1r[130]",z1r,130,NB02USA
"NB02(ROW)","z1r[131]",z1r,131,NB02ROW
"NB05(USA)","z1l[132]",z1l,132,NB05USA
"NB05(ROW)","z1l[133]",z1l,133,NB05ROW
"NB05(USA)","z1r[132]",z1r,132,NB05USA
"NB05(ROW)","z1r[133]",z1r,133,NB05ROW
"NB10(USA)","z1l[134]",z1l,134,NB10USA
"NB10(ROW)","z1l[135]",z1l,135,NB10ROW
"NB10(USA)","z1r[134]",z1r,134,NB10USA
"NB10(ROW)","z1r[135]",z1r,135,NB10ROW
"NEER(USA)","z1l[136]",z1l,136,NEERUSA
"NEER(ROW)","z1l[137]",z1l,137,NEERROW
"NEER(USA)","z1r[136]",z1r,136,NEERUSA
"NEER(ROW)","z1r[137]",z1r,137,NEERROW
"OI(a01,g02,USA)","z1l[138]",z1l,138,OI12USA
"OI(a01,g02,ROW)","z1l[139]",z1l,139,OI12ROW
"OI(a02,g02,USA)","z1l[140]",z1l,140,OI22USA
"OI(a02,g02,ROW)","z1l[141]",z1l,141,OI22ROW
"OI(a01,g02,USA)","z1r[138]",z1r,138,OI12USA
"OI(a01,g02,ROW)","z1r[139]",z1r,139,OI12ROW
"OI(a02,g02,USA)","z1r[140]",z1r,140,OI22USA
"OI(a02,g02,ROW)","z1r[141]",z1r,141,OI22ROW
"OIN(a01,USA)","z1l[142]",z1l,142,OIN1USA
"OIN(a01,ROW)","z1l[143]",z1l,143,OIN1ROW
"OIN(a02,USA)","z1l[144]",z1l,144,OIN2USA
"OIN(a02,ROW)","z1l[145]",z1l,145,OIN2ROW
"OIN(a01,USA)","z1r[142]",z1r,142,OIN1USA
"OIN(a01,ROW)","z1r[143]",z1r,143,OIN1ROW
"OIN(a02,USA)","z1r[144]",z1r,144,OIN2USA
"OIN(a02,ROW)","z1r[145]",z1r,145,OIN2ROW
"OUG(g01,USA)","z1l[146]",z1l,146,OUG1USA
"OUG(g01,ROW)","z1l[147]",z1l,147,OUG1ROW
"OUG(g02,USA)","z1l[148]",z1l,148,OUG2USA
"OUG(g02,ROW)","z1l[149]",z1l,149,OUG2ROW
"OUG(g01,USA)","z1r[146]",z1r,146,OUG1USA
"OUG(g01,ROW)","z1r[147]",z1r,147,OUG1ROW
"OUG(g02,USA)","z1r[148]",z1r,148,OUG2USA
"OUG(g02,ROW)","z1r[149]",z1r,149,OUG2ROW
"OUP(a01,USA)","z1l[150]",z1l,150,OUP1USA
"OUP(a01,ROW)","z1l[151]",z1l,151,OUP1ROW
"OUP(a02,USA)","z1l[152]",z1l,152,OUP2USA
"OUP(a02,ROW)","z1l[153]",z1l,153,OUP2ROW
"OUP(a01,USA)","z1r[150]",z1r,150,OUP1USA
"OUP(a01,ROW)","z1r[151]",z1r,151,OUP1ROW
"OUP(a02,USA)","z1r[152]",z1r,152,OUP2USA
"OUP(a02,ROW)","z1r[153]",z1r,153,OUP2ROW
"OUTL(USA)","x1l[26]",x1l,26,OUTLUSA
"OUTL(ROW)","x1l[27]",x1l,27,OUTLROW
"OUTL(USA)","yxr[26]",yxr,26,OUTLUSA
"OUTL(ROW)","yxr[27]",yxr,27,OUTLROW
"OUTP(USA)","zel[0]",zel,0,OUTPUSA
"OUTP(ROW)","zel[1]",zel,1,OUTPROW
"OUTP(USA)","zer[0]",zer,0,OUTPUSA
"OUTP(ROW)","zer[1]",zer,1,OUTPROW
"OUTP(USA)","exz[0]",exz,0,OUTPUSA
"OUTP(ROW)","exz[1]",exz,1,OUTPROW
"OUTX(USA)","exo[52]",exo,52,OUTXUSA
"OUTX(ROW)","exo[53]",exo,53,OUTXROW
"OUY(g01,USA)","z1l[154]",z1l,154,OUY1USA
"OUY(g01,ROW)","z1l[155]",z1l,155,OUY1ROW
"OUY(g02,USA)","z1l[156]",z1l,156,OUY2USA
"OUY(g02,ROW)","z1l[157]",z1l,157,OUY2ROW
"OUY(g01,USA)","z1r[154]",z1r,154,OUY1USA
"OUY(g01,ROW)","z1r[155]",z1r,155,OUY1ROW
"OUY(g02,USA)","z1r[156]",z1r,156,OUY2USA
"OUY(g02,ROW)","z1r[157]",z1r,157,OUY2ROW
"PBAG(USA)","exo[54]",exo,54,PBAGUSA
"PBAG(ROW)","exo[55]",exo,55,PBAGROW
"PBAL(USA)","exo[56]",exo,56,PBALUSA
"PBAL(ROW)","exo[57]",exo,57,PBALROW
"PGDP(USA)","z1l[158]",z1l,158,PGDPUSA
"PGDP(ROW)","z1l[159]",z1l,159,PGDPROW
"PGDP(USA)","z1r[158]",z1r,158,PGDPUSA
"PGDP(ROW)","z1r[159]",z1r,159,PGDPROW
"PIM(g01,USA,USA)","z1l[160]",z1l,160,PIM1UU
"PIM(g01,USA,ROW)","z1l[161]",z1l,161,PIM1UR
"PIM(g01,ROW,USA)","z1l[162]",z1l,162,PIM1RU
"PIM(g01,ROW,ROW)","z1l[163]",z1l,163,PIM1RR
"PIM(g02,USA,USA)","z1l[164]",z1l,164,PIM2UU
"PIM(g02,USA,ROW)","z1l[165]",z1l,165,PIM2UR
"PIM(g02,ROW,USA)","z1l[166]",z1l,166,PIM2RU
"PIM(g02,ROW,ROW)","z1l[167]",z1l,167,PIM2RR
"PIM(g01,USA,USA)","z1r[160]",z1r,160,PIM1UU
"PIM(g01,USA,ROW)","z1r[161]",z1r,161,PIM1UR
"PIM(g01,ROW,USA)","z1r[162]",z1r,162,PIM1RU
"PIM(g01,ROW,ROW)","z1r[163]",z1r,163,PIM1RR
"PIM(g02,USA,USA)","z1r[164]",z1r,164,PIM2UU
"PIM(g02,USA,ROW)","z1r[165]",z1r,165,PIM2UR
"PIM(g02,ROW,USA)","z1r[166]",z1r,166,PIM2RU
"PIM(g02,ROW,ROW)","z1r[167]",z1r,167,PIM2RR
"PMQ(g01,USA)","z1l[168]",z1l,168,PMQ1USA
"PMQ(g01,ROW)","z1l[169]",z1l,169,PMQ1ROW
"PMQ(g02,USA)","z1l[170]",z1l,170,PMQ2USA
"PMQ(g02,ROW)","z1l[171]",z1l,171,PMQ2ROW
"PMQ(g01,USA)","z1r[168]",z1r,168,PMQ1USA
"PMQ(g01,ROW)","z1r[169]",z1r,169,PMQ1ROW
"PMQ(g02,USA)","z1r[170]",z1r,170,PMQ2USA
"PMQ(g02,ROW)","z1r[171]",z1r,171,PMQ2ROW
"PMR(g01,USA)","z1l[172]",z1l,172,PMR1USA
"PMR(g01,ROW)","z1l[173]",z1l,173,PMR1ROW
"PMR(g02,USA)","z1l[174]",z1l,174,PMR2USA
"PMR(g02,ROW)","z1l[175]",z1l,175,PMR2ROW
"PMR(g01,USA)","z1r[172]",z1r,172,PMR1USA
"PMR(g01,ROW)","z1r[173]",z1r,173,PMR1ROW
"PMR(g02,USA)","z1r[174]",z1r,174,PMR2USA
"PMR(g02,ROW)","z1r[175]",z1r,175,PMR2ROW
"POI(a01,USA)","z1l[176]",z1l,176,POI1USA
"POI(a01,ROW)","z1l[177]",z1l,177,POI1ROW
"POI(a02,USA)","z1l[178]",z1l,178,POI2USA
"POI(a02,ROW)","z1l[179]",z1l,179,POI2ROW
"POI(a01,USA)","z1r[176]",z1r,176,POI1USA
"POI(a01,ROW)","z1r[177]",z1r,177,POI1ROW
"POI(a02,USA)","z1r[178]",z1r,178,POI2USA
"POI(a02,ROW)","z1r[179]",z1r,179,POI2ROW
"PRCE(USA)","z1l[180]",z1l,180,PRCEUSA
"PRCE(ROW)","z1l[181]",z1l,181,PRCEROW
"PRCE(USA)","z1r[180]",z1r,180,PRCEUSA
"PRCE(ROW)","z1r[181]",z1r,181,PRCEROW
"PRCL(USA)","x1l[28]",x1l,28,PRCLUSA
"PRCL(ROW)","x1l[29]",x1l,29,PRCLROW
"PRCL(USA)","yxr[28]",yxr,28,PRCLUSA
"PRCL(ROW)","yxr[29]",yxr,29,PRCLROW
"PRCO(USA)","z1l[182]",z1l,182,PRCOUSA
"PRCO(ROW)","z1l[183]",z1l,183,PRCOROW
"PRCO(USA)","z1r[182]",z1r,182,PRCOUSA
"PRCO(ROW)","z1r[183]",z1r,183,PRCOROW
"PRCOL(USA)","x1l[30]",x1l,30,PRCOLUSA
"PRCOL(ROW)","x1l[31]",x1l,31,PRCOLROW
"PRCOL(USA)","yxr[30]",yxr,30,PRCOLUSA
"PRCOL(ROW)","yxr[31]",yxr,31,PRCOLROW
"PRCT(USA)","zel[2]",zel,2,PRCTUSA
"PRCT(ROW)","zel[3]",zel,3,PRCTROW
"PRCT(USA)","zer[2]",zer,2,PRCTUSA
"PRCT(ROW)","zer[3]",zer,3,PRCTROW
"PRCT(USA)","exz[2]",exz,2,PRCTUSA
"PRCT(ROW)","exz[3]",exz,3,PRCTROW
"PRD(g01,USA)","z1l[184]",z1l,184,PRD1USA
"PRD(g01,ROW)","z1l[185]",z1l,185,PRD1ROW
"PRD(g02,USA)","z1l[186]",z1l,186,PRD2USA
"PRD(g02,ROW)","z1l[187]",z1l,187,PRD2ROW
"PRD(g01,USA)","z1r[184]",z1r,184,PRD1USA
"PRD(g01,ROW)","z1r[185]",z1r,185,PRD1ROW
"PRD(g02,USA)","z1r[186]",z1r,186,PRD2USA
"PRD(g02,ROW)","z1r[187]",z1r,187,PRD2ROW
"PRDL(USA)","x1l[32]",x1l,32,PRDLUSA
"PRDL(ROW)","x1l[33]",x1l,33,PRDLROW
"PRDL(USA)","yxr[32]",yxr,32,PRDLUSA
"PRDL(ROW)","yxr[33]",yxr,33,PRDLROW
"PRDX(USA)","exo[58]",exo,58,PRDXUSA
"PRDX(ROW)","exo[59]",exo,59,PRDXROW
"PRE(a01,USA)","z1l[188]",z1l,188,PRE1USA
"PRE(a01,ROW)","z1l[189]",z1l,189,PRE1ROW
"PRE(a02,USA)","z1l[190]",z1l,190,PRE2USA
"PRE(a02,ROW)","z1l[191]",z1l,191,PRE2ROW
"PRE(a01,USA)","z1r[188]",z1r,188,PRE1USA
"PRE(a01,ROW)","z1r[189]",z1r,189,PRE1ROW
"PRE(a02,USA)","z1r[190]",z1r,190,PRE2USA
"PRE(a02,ROW)","z1r[191]",z1r,191,PRE2ROW
"PRF(a01,USA)","z1l[192]",z1l,192,PRF1USA
"PRF(a01,ROW)","z1l[193]",z1l,193,PRF1ROW
"PRF(a02,USA)","z1l[194]",z1l,194,PRF2USA
"PRF(a02,ROW)","z1l[195]",z1l,195,PRF2ROW
"PRF(a01,USA)","z1r[192]",z1r,192,PRF1USA
"PRF(a01,ROW)","z1r[193]",z1r,193,PRF1ROW
"PRF(a02,USA)","z1r[194]",z1r,194,PRF2USA
"PRF(a02,ROW)","z1r[195]",z1r,195,PRF2ROW
"PRFT(USA)","z1l[196]",z1l,196,PRFTUSA
"PRFT(ROW)","z1l[197]",z1l,197,PRFTROW
"PRFT(USA)","z1r[196]",z1r,196,PRFTUSA
"PRFT(ROW)","z1r[197]",z1r,197,PRFTROW
"PRFY(USA)","z1l[198]",z1l,198,PRFYUSA
"PRFY(ROW)","z1l[199]",z1l,199,PRFYROW
"PRFY(USA)","z1r[198]",z1r,198,PRFYUSA
"PRFY(ROW)","z1r[199]",z1r,199,PRFYROW
"PRFZ(USA)","z1l[200]",z1l,200,PRFZUSA
"PRFZ(ROW)","z1l[201]",z1l,201,PRFZROW
"PRFZ(USA)","z1r[200]",z1r,200,PRFZUSA
"PRFZ(ROW)","z1r[201]",z1r,201,PRFZROW
"PRGT(USA)","z1l[202]",z1l,202,PRGTUSA
"PRGT(ROW)","z1l[203]",z1l,203,PRGTROW
"PRGT(USA)","z1r[202]",z1r,202,PRGTUSA
"PRGT(ROW)","z1r[203]",z1r,203,PRGTROW
"PRID(USA)","zel[4]",zel,4,PRIDUSA
"PRID(ROW)","zel[5]",zel,5,PRIDROW
"PRID(USA)","zer[4]",zer,4,PRIDUSA
"PRID(ROW)","zer[5]",zer,5,PRIDROW
"PRID(USA)","exz[4]",exz,4,PRIDUSA
"PRID(ROW)","exz[5]",exz,5,PRIDROW
"PRIE(USA)","z1l[204]",z1l,204,PRIEUSA
"PRIE(ROW)","z1l[205]",z1l,205,PRIEROW
"PRIE(USA)","z1r[204]",z1r,204,PRIEUSA
"PRIE(ROW)","z1r[205]",z1r,205,PRIEROW
"PRII(USA)","z1l[206]",z1l,206,PRIIUSA
"PRII(ROW)","z1l[207]",z1l,207,PRIIROW
"PRII(USA)","z1r[206]",z1r,206,PRIIUSA
"PRII(ROW)","z1r[207]",z1r,207,PRIIROW
"PRIM(USA)","z1l[208]",z1l,208,PRIMUSA
"PRIM(ROW)","z1l[209]",z1l,209,PRIMROW
"PRIM(USA)","z1r[208]",z1r,208,PRIMUSA
"PRIM(ROW)","z1r[209]",z1r,209,PRIMROW
"PRIX(USA)","z1l[210]",z1l,210,PRIXUSA
"PRIX(ROW)","z1l[211]",z1l,211,PRIXROW
"PRIX(USA)","z1r[210]",z1r,210,PRIXUSA
"PRIX(ROW)","z1r[211]",z1r,211,PRIXROW
"PRK(a01,USA)","z1l[212]",z1l,212,PRK1USA
"PRK(a01,ROW)","z1l[213]",z1l,213,PRK1ROW
"PRK(a02,USA)","z1l[214]",z1l,214,PRK2USA
"PRK(a02,ROW)","z1l[215]",z1l,215,PRK2ROW
"PRK(a01,USA)","z1r[212]",z1r,212,PRK1USA
"PRK(a01,ROW)","z1r[213]",z1r,213,PRK1ROW
"PRK(a02,USA)","z1r[214]",z1r,214,PRK2USA
"PRK(a02,ROW)","z1r[215]",z1r,215,PRK2ROW
"PRKY(USA)","z1l[216]",z1l,216,PRKYUSA
"PRKY(ROW)","z1l[217]",z1l,217,PRKYROW
"PRKY(USA)","z1r[216]",z1r,216,PRKYUSA
"PRKY(ROW)","z1r[217]",z1r,217,PRKYROW
"PRKZ(USA)","z1l[218]",z1l,218,PRKZUSA
"PRKZ(ROW)","z1l[219]",z1l,219,PRKZROW
"PRKZ(USA)","z1r[218]",z1r,218,PRKZUSA
"PRKZ(ROW)","z1r[219]",z1r,219,PRKZROW
"PROI(USA)","z1l[220]",z1l,220,PROIUSA
"PROI(ROW)","z1l[221]",z1l,221,PROIROW
"PROI(USA)","z1r[220]",z1r,220,PROIUSA
"PROI(ROW)","z1r[221]",z1r,221,PROIROW
"PRP(a01,USA)","z1l[222]",z1l,222,PRP1USA
"PRP(a01,ROW)","z1l[223]",z1l,223,PRP1ROW
"PRP(a02,USA)","z1l[224]",z1l,224,PRP2USA
"PRP(a02,ROW)","z1l[225]",z1l,225,PRP2ROW
"PRP(a01,USA)","z1r[222]",z1r,222,PRP1USA
"PRP(a01,ROW)","z1r[223]",z1r,223,PRP1ROW
"PRP(a02,USA)","z1r[224]",z1r,224,PRP2USA
"PRP(a02,ROW)","z1r[225]",z1r,225,PRP2ROW
"PRS(g01,USA)","z1l[226]",z1l,226,PRS1USA
"PRS(g01,ROW)","z1l[227]",z1l,227,PRS1ROW
"PRS(g02,USA)","z1l[228]",z1l,228,PRS2USA
"PRS(g02,ROW)","z1l[229]",z1l,229,PRS2ROW
"PRS(g01,USA)","z1r[226]",z1r,226,PRS1USA
"PRS(g01,ROW)","z1r[227]",z1r,227,PRS1ROW
"PRS(g02,USA)","z1r[228]",z1r,228,PRS2USA
"PRS(g02,ROW)","z1r[229]",z1r,229,PRS2ROW
"PRT(a01,g01,USA)","z1l[230]",z1l,230,PRT11USA
"PRT(a01,g01,ROW)","z1l[231]",z1l,231,PRT11ROW
"PRT(a02,g01,USA)","z1l[232]",z1l,232,PRT21USA
"PRT(a02,g01,ROW)","z1l[233]",z1l,233,PRT21ROW
"PRT(a01,g01,USA)","z1r[230]",z1r,230,PRT11USA
"PRT(a01,g01,ROW)","z1r[231]",z1r,231,PRT11ROW
"PRT(a02,g01,USA)","z1r[232]",z1r,232,PRT21USA
"PRT(a02,g01,ROW)","z1r[233]",z1r,233,PRT21ROW
"PRX(g01,USA)","z1l[234]",z1l,234,PRX1USA
"PRX(g01,ROW)","z1l[235]",z1l,235,PRX1ROW
"PRX(g02,USA)","z1l[236]",z1l,236,PRX2USA
"PRX(g02,ROW)","z1l[237]",z1l,237,PRX2ROW
"PRX(g01,USA)","z1r[234]",z1r,234,PRX1USA
"PRX(g01,ROW)","z1r[235]",z1r,235,PRX1ROW
"PRX(g02,USA)","z1r[236]",z1r,236,PRX2USA
"PRX(g02,ROW)","z1r[237]",z1r,237,PRX2ROW
"PRXX(USA)","exo[60]",exo,60,PRXXUSA
"PRXX(ROW)","exo[61]",exo,61,PRXXROW
"PRY(g01,USA)","z1l[238]",z1l,238,PRY1USA
"PRY(g01,ROW)","z1l[239]",z1l,239,PRY1ROW
"PRY(g02,USA)","z1l[240]",z1l,240,PRY2USA
"PRY(g02,ROW)","z1l[241]",z1l,241,PRY2ROW
"PRY(g01,USA)","z1r[238]",z1r,238,PRY1USA
"PRY(g01,ROW)","z1r[239]",z1r,239,PRY1ROW
"PRY(g02,USA)","z1r[240]",z1r,240,PRY2USA
"PRY(g02,ROW)","z1r[241]",z1r,241,PRY2ROW
"PTAR(USA)","exo[62]",exo,62,PTARUSA
"PTAR(ROW)","exo[63]",exo,63,PTARROW
"RB10(USA)","z1l[242]",z1l,242,RB10USA
"RB10(ROW)","z1l[243]",z1l,243,RB10ROW
"RB10(USA)","z1r[242]",z1r,242,RB10USA
"RB10(ROW)","z1r[243]",z1r,243,RB10ROW
"REER(USA)","z1l[244]",z1l,244,REERUSA
"REER(ROW)","z1l[245]",z1l,245,REERROW
"REER(USA)","z1r[244]",z1r,244,REERUSA
"REER(ROW)","z1r[245]",z1r,245,REERROW
"REXC(USA)","j1l[8]",j1l,8,REXCUU
"REXC(ROW)","j1l[9]",j1l,9,REXCRU
"REXC(USA)","yjr[8]",yjr,8,REXCUU
"REXC(ROW)","yjr[9]",yjr,9,REXCRU
"REXN(USA)","z1l[246]",z1l,246,REXNUSA
"REXN(ROW)","z1l[247]",z1l,247,REXNROW
"REXN(USA)","z1r[246]",z1r,246,REXNUSA
"REXN(ROW)","z1r[247]",z1r,247,REXNROW
"RISE(a01,USA)","exo[64]",exo,64,RISE1USA
"RISE(a01,ROW)","exo[65]",exo,65,RISE1ROW
"RISE(a02,USA)","exo[66]",exo,66,RISE2USA
"RISE(a02,ROW)","exo[67]",exo,67,RISE2ROW
"RISH(USA)","exo[68]",exo,68,RISHUSA
"RISH(ROW)","exo[69]",exo,69,RISHROW
"RISR(USA)","exo[70]",exo,70,RISRUSA
"RISR(ROW)","exo[71]",exo,71,RISRROW
"RISW(USA)","exo[72]",exo,72,RISWUSA
"RISW(ROW)","exo[73]",exo,73,RISWROW
"RISY(USA)","exo[74]",exo,74,RISYUSA
"RISY(ROW)","exo[75]",exo,75,RISYROW
"RISZ(USA)","exo[76]",exo,76,RISZUSA
"RISZ(ROW)","exo[77]",exo,77,RISZROW
"ROGY(USA)","exo[78]",exo,78,ROGYUSA
"ROGY(ROW)","exo[79]",exo,79,ROGYROW
"RVGS(USA)","exo[80]",exo,80,RVGSUSA
"RVGS(ROW)","exo[81]",exo,81,RVGSROW
"SAVI(USA)","z1l[248]",z1l,248,SAVIUSA
"SAVI(ROW)","z1l[249]",z1l,249,SAVIROW
"SAVI(USA)","z1r[248]",z1r,248,SAVIUSA
"SAVI(ROW)","z1r[249]",z1r,249,SAVIROW
"SAVN(USA)","z1l[250]",z1l,250,SAVNUSA
"SAVN(ROW)","z1l[251]",z1l,251,SAVNROW
"SAVN(USA)","z1r[250]",z1r,250,SAVNUSA
"SAVN(ROW)","z1r[251]",z1r,251,SAVNROW
"SAVT(USA)","z1l[252]",z1l,252,SAVTUSA
"SAVT(ROW)","z1l[253]",z1l,253,SAVTROW
"SAVT(USA)","z1r[252]",z1r,252,SAVTUSA
"SAVT(ROW)","z1r[253]",z1r,253,SAVTROW
"SHEF(a01,USA)","exo[82]",exo,82,SHEF1USA
"SHEF(a01,ROW)","exo[83]",exo,83,SHEF1ROW
"SHEF(a02,USA)","exo[84]",exo,84,SHEF2USA
"SHEF(a02,ROW)","exo[85]",exo,85,SHEF2ROW
"SHEFC(USA)","exo[86]",exo,86,SHEFCUSA
"SHEFC(ROW)","exo[87]",exo,87,SHEFCROW
"SHK(a01,USA)","exo[88]",exo,88,SHK1USA
"SHK(a01,ROW)","exo[89]",exo,89,SHK1ROW
"SHK(a02,USA)","exo[90]",exo,90,SHK2USA
"SHK(a02,ROW)","exo[91]",exo,91,SHK2ROW
"SHKC(USA)","exo[92]",exo,92,SHKCUSA
"SHKC(ROW)","exo[93]",exo,93,SHKCROW
"SHKI(USA,a01)","exo[94]",exo,94,SHKI1USA
"SHKI(USA,a02)","exo[95]",exo,95,SHKI2USA
"SHKI(ROW,a01)","exo[96]",exo,96,SHKI1ROW
"SHKI(ROW,a02)","exo[97]",exo,97,SHKI2ROW
"SHKM(USA)","exo[98]",exo,98,SHKMUSA
"SHKM(ROW)","exo[99]",exo,99,SHKMROW
"SHL(USA,a01)","exo[100]",exo,100,SHL1USA
"SHL(USA,a02)","exo[101]",exo,101,SHL2USA
"SHL(ROW,a01)","exo[102]",exo,102,SHL1ROW
"SHL(ROW,a02)","exo[103]",exo,103,SHL2ROW
"SHLY(USA)","exo[104]",exo,104,SHLYUSA
"SHLY(ROW)","exo[105]",exo,105,SHLYROW
"SHLZ(USA)","exo[106]",exo,106,SHLZUSA
"SHLZ(ROW)","exo[107]",exo,107,SHLZROW
"SHY(a01,USA)","exo[108]",exo,108,SHY1USA
"SHY(a01,ROW)","exo[109]",exo,109,SHY1ROW
"SHY(a02,USA)","exo[110]",exo,110,SHY2USA
"SHY(a02,ROW)","exo[111]",exo,111,SHY2ROW
"SHYY(USA)","exo[112]",exo,112,SHYYUSA
"SHYY(ROW)","exo[113]",exo,113,SHYYROW
"SHYZ(USA)","exo[114]",exo,114,SHYZUSA
"SHYZ(ROW)","exo[115]",exo,115,SHYZROW
"STM(a01,USA)","z1l[254]",z1l,254,STM1USA
"STM(a01,ROW)","z1l[255]",z1l,255,STM1ROW
"STM(a02,USA)","z1l[256]",z1l,256,STM2USA
"STM(a02,ROW)","z1l[257]",z1l,257,STM2ROW
"STM(a01,USA)","z1r[254]",z1r,254,STM1USA
"STM(a01,ROW)","z1r[255]",z1r,255,STM1ROW
"STM(a02,USA)","z1r[256]",z1r,256,STM2USA
"STM(a02,ROW)","z1r[257]",z1r,257,STM2ROW
"STMT(USA)","z1l[258]",z1l,258,STMTUSA
"STMT(ROW)","z1l[259]",z1l,259,STMTROW
"STMT(USA)","z1r[258]",z1r,258,STMTUSA
"STMT(ROW)","z1r[259]",z1r,259,STMTROW
"TAX(g01,USA)","exo[116]",exo,116,TAX1USA
"TAX(g01,ROW)","exo[117]",exo,117,TAX1ROW
"TAX(g02,USA)","exo[118]",exo,118,TAX2USA
"TAX(g02,ROW)","exo[119]",exo,119,TAX2ROW
"TAXC(USA)","z1l[260]",z1l,260,TAXCUSA
"TAXC(ROW)","z1l[261]",z1l,261,TAXCROW
"TAXC(USA)","z1r[260]",z1r,260,TAXCUSA
"TAXC(ROW)","z1r[261]",z1r,261,TAXCROW
"TAXE(USA)","z1l[262]",z1l,262,TAXEUSA
"TAXE(ROW)","z1l[263]",z1l,263,TAXEROW
"TAXE(USA)","z1r[262]",z1r,262,TAXEUSA
"TAXE(ROW)","z1r[263]",z1r,263,TAXEROW
"TAXH(USA)","z1l[264]",z1l,264,TAXHUSA
"TAXH(ROW)","z1l[265]",z1l,265,TAXHROW
"TAXH(USA)","z1r[264]",z1r,264,TAXHUSA
"TAXH(ROW)","z1r[265]",z1r,265,TAXHROW
"TAXL(USA)","z1l[266]",z1l,266,TAXLUSA
"TAXL(ROW)","z1l[267]",z1l,267,TAXLROW
"TAXL(USA)","z1r[266]",z1r,266,TAXLUSA
"TAXL(ROW)","z1r[267]",z1r,267,TAXLROW
"TAXM(USA)","z1l[268]",z1l,268,TAXMUSA
"TAXM(ROW)","z1l[269]",z1l,269,TAXMROW
"TAXM(USA)","z1r[268]",z1r,268,TAXMUSA
"TAXM(ROW)","z1r[269]",z1r,269,TAXMROW
"TAXS(USA)","exo[120]",exo,120,TAXSUSA
"TAXS(ROW)","exo[121]",exo,121,TAXSROW
"TAXT(USA)","z1l[270]",z1l,270,TAXTUSA
"TAXT(ROW)","z1l[271]",z1l,271,TAXTROW
"TAXT(USA)","z1r[270]",z1r,270,TAXTUSA
"TAXT(ROW)","z1r[271]",z1r,271,TAXTROW
"TAXX(USA)","z1l[272]",z1l,272,TAXXUSA
"TAXX(ROW)","z1l[273]",z1l,273,TAXXROW
"TAXX(USA)","z1r[272]",z1r,272,TAXXUSA
"TAXX(ROW)","z1r[273]",z1r,273,TAXXROW
"TBAL(USA)","z1l[274]",z1l,274,TBALUSA
"TBAL(ROW)","z1l[275]",z1l,275,TBALROW
"TBAL(USA)","z1r[274]",z1r,274,TBALUSA
"TBAL(ROW)","z1r[275]",z1r,275,TBALROW
"TBAU(USA)","z1l[276]",z1l,276,TBAUUSA
"TBAU(ROW)","z1l[277]",z1l,277,TBAUROW
"TBAU(USA)","z1r[276]",z1r,276,TBAUUSA
"TBAU(ROW)","z1r[277]",z1r,277,TBAUROW
"TBFD(USA)","exo[122]",exo,122,TBFDUSA
"TBFD(ROW)","exo[123]",exo,123,TBFDROW
"TBFI(USA)","exo[124]",exo,124,TBFIUSA
"TBFI(ROW)","exo[125]",exo,125,TBFIROW
"TBFX(USA)","exo[126]",exo,126,TBFXUSA
"TBFX(ROW)","exo[127]",exo,127,TBFXROW
"TCOR(USA)","exo[128]",exo,128,TCORUSA
"TCOR(ROW)","exo[129]",exo,129,TCORROW
"TCP(g01,USA)","exo[130]",exo,130,TCP1USA
"TCP(g01,ROW)","exo[131]",exo,131,TCP1ROW
"TCP(g02,USA)","exo[132]",exo,132,TCP2USA
"TCP(g02,ROW)","exo[133]",exo,133,TCP2ROW
"TEX(g01,USA)","exo[134]",exo,134,TEX1USA
"TEX(g01,ROW)","exo[135]",exo,135,TEX1ROW
"TEX(g02,USA)","exo[136]",exo,136,TEX2USA
"TEX(g02,ROW)","exo[137]",exo,137,TEX2ROW
"TIF(g01,USA)","exo[138]",exo,138,TIF1USA
"TIF(g01,ROW)","exo[139]",exo,139,TIF1ROW
"TIF(g02,USA)","exo[140]",exo,140,TIF2USA
"TIF(g02,ROW)","exo[141]",exo,141,TIF2ROW
"TIM(g01,USA,USA)","exo[142]",exo,142,TIM1UU
"TIM(g01,USA,ROW)","exo[143]",exo,143,TIM1UR
"TIM(g01,ROW,USA)","exo[144]",exo,144,TIM1RU
"TIM(g01,ROW,ROW)","exo[145]",exo,145,TIM1RR
"TIM(g02,USA,USA)","exo[146]",exo,146,TIM2UU
"TIM(g02,USA,ROW)","exo[147]",exo,147,TIM2UR
"TIM(g02,ROW,USA)","exo[148]",exo,148,TIM2RU
"TIM(g02,ROW,ROW)","exo[149]",exo,149,TIM2RR
"TINC(USA)","exo[150]",exo,150,TINCUSA
"TINC(ROW)","exo[151]",exo,151,TINCROW
"TITC(a01,USA)","exo[152]",exo,152,TITC1USA
"TITC(a01,ROW)","exo[153]",exo,153,TITC1ROW
"TITC(a02,USA)","exo[154]",exo,154,TITC2USA
"TITC(a02,ROW)","exo[155]",exo,155,TITC2ROW
"TITCH(USA)","exo[156]",exo,156,TITCHUSA
"TITCH(ROW)","exo[157]",exo,157,TITCHROW
"TIX(g01,USA)","exo[158]",exo,158,TIX1USA
"TIX(g01,ROW)","exo[159]",exo,159,TIX1ROW
"TIX(g02,USA)","exo[160]",exo,160,TIX2USA
"TIX(g02,ROW)","exo[161]",exo,161,TIX2ROW
"TOB(a01,USA)","z1l[278]",z1l,278,TOB1USA
"TOB(a01,ROW)","z1l[279]",z1l,279,TOB1ROW
"TOB(a02,USA)","z1l[280]",z1l,280,TOB2USA
"TOB(a02,ROW)","z1l[281]",z1l,281,TOB2ROW
"TOB(a01,USA)","z1r[278]",z1r,278,TOB1USA
"TOB(a01,ROW)","z1r[279]",z1r,279,TOB1ROW
"TOB(a02,USA)","z1r[280]",z1r,280,TOB2USA
"TOB(a02,ROW)","z1r[281]",z1r,281,TOB2ROW
"TOBY(USA)","z1l[282]",z1l,282,TOBYUSA
"TOBY(ROW)","z1l[283]",z1l,283,TOBYROW
"TOBY(USA)","z1r[282]",z1r,282,TOBYUSA
"TOBY(ROW)","z1r[283]",z1r,283,TOBYROW
"TOBZ(USA)","z1l[284]",z1l,284,TOBZUSA
"TOBZ(ROW)","z1l[285]",z1l,285,TOBZROW
"TOBZ(USA)","z1r[284]",z1r,284,TOBZUSA
"TOBZ(ROW)","z1r[285]",z1r,285,TOBZROW
"TPA(a01,USA)","x1l[34]",x1l,34,TPA1USA
"TPA(a01,ROW)","x1l[35]",x1l,35,TPA1ROW
"TPA(a02,USA)","x1l[36]",x1l,36,TPA2USA
"TPA(a02,ROW)","x1l[37]",x1l,37,TPA2ROW
"TPA(a01,USA)","yxr[34]",yxr,34,TPA1USA
"TPA(a01,ROW)","yxr[35]",yxr,35,TPA1ROW
"TPA(a02,USA)","yxr[36]",yxr,36,TPA2USA
"TPA(a02,ROW)","yxr[37]",yxr,37,TPA2ROW
"TPAY(USA)","x1l[38]",x1l,38,TPAYUSA
"TPAY(ROW)","x1l[39]",x1l,39,TPAYROW
"TPAY(USA)","yxr[38]",yxr,38,TPAYUSA
"TPAY(ROW)","yxr[39]",yxr,39,TPAYROW
"TPAZ(USA)","x1l[40]",x1l,40,TPAZUSA
"TPAZ(ROW)","x1l[41]",x1l,41,TPAZROW
"TPAZ(USA)","yxr[40]",yxr,40,TPAZUSA
"TPAZ(ROW)","yxr[41]",yxr,41,TPAZROW
"TRAN(USA)","z1l[286]",z1l,286,TRANUSA
"TRAN(ROW)","z1l[287]",z1l,287,TRANROW
"TRAN(USA)","z1r[286]",z1r,286,TRANUSA
"TRAN(ROW)","z1r[287]",z1r,287,TRANROW
"TRANX(USA)","exo[162]",exo,162,TRANXUSA
"TRANX(ROW)","exo[163]",exo,163,TRANXROW
"TXGS(a01,g01,USA)","exo[164]",exo,164,TXGS11USA
"TXGS(a01,g01,ROW)","exo[165]",exo,165,TXGS11ROW
"TXGS(a02,g01,USA)","exo[166]",exo,166,TXGS21USA
"TXGS(a02,g01,ROW)","exo[167]",exo,167,TXGS21ROW
"TXM(g01,USA)","z1l[288]",z1l,288,TXM1USA
"TXM(g01,ROW)","z1l[289]",z1l,289,TXM1ROW
"TXM(g02,USA)","z1l[290]",z1l,290,TXM2USA
"TXM(g02,ROW)","z1l[291]",z1l,291,TXM2ROW
"TXM(g01,USA)","z1r[288]",z1r,288,TXM1USA
"TXM(g01,ROW)","z1r[289]",z1r,289,TXM1ROW
"TXM(g02,USA)","z1r[290]",z1r,290,TXM2USA
"TXM(g02,ROW)","z1r[291]",z1r,291,TXM2ROW
"WAG(a01,USA)","z1l[292]",z1l,292,WAG1USA
"WAG(a01,ROW)","z1l[293]",z1l,293,WAG1ROW
"WAG(a02,USA)","z1l[294]",z1l,294,WAG2USA
"WAG(a02,ROW)","z1l[295]",z1l,295,WAG2ROW
"WAG(a01,USA)","z1r[292]",z1r,292,WAG1USA
"WAG(a01,ROW)","z1r[293]",z1r,293,WAG1ROW
"WAG(a02,USA)","z1r[294]",z1r,294,WAG2USA
"WAG(a02,ROW)","z1r[295]",z1r,295,WAG2ROW
"WAGE(USA)","x1l[42]",x1l,42,WAGEUSA
"WAGE(ROW)","x1l[43]",x1l,43,WAGEROW
"WAGE(USA)","yxr[42]",yxr,42,WAGEUSA
"WAGE(ROW)","yxr[43]",yxr,43,WAGEROW
"WAGG(USA)","z1l[296]",z1l,296,WAGGUSA
"WAGG(ROW)","z1l[297]",z1l,297,WAGGROW
"WAGG(USA)","z1r[296]",z1r,296,WAGGUSA
"WAGG(ROW)","z1r[297]",z1r,297,WAGGROW
"WELH(USA)","j1l[10]",j1l,10,WELHUSA
"WELH(ROW)","j1l[11]",j1l,11,WELHROW
"WELH(USA)","yjr[10]",yjr,10,WELHUSA
"WELH(ROW)","yjr[11]",yjr,11,WELHROW
"WELT(USA)","z1l[298]",z1l,298,WELTUSA
"WELT(ROW)","z1l[299]",z1l,299,WELTROW
"WELT(USA)","z1r[298]",z1r,298,WELTUSA
"WELT(ROW)","z1r[299]",z1r,299,WELTROW
"YGRO(USA)","z1l[300]",z1l,300,YGROUSA
"YGRO(ROW)","z1l[301]",z1l,301,YGROROW
"YGRO(USA)","z1r[300]",z1r,300,YGROUSA
"YGRO(ROW)","z1r[301]",z1r,301,YGROROW
"YRATN(USA)","exo[168]",exo,168,YRATNUSA
"YRATN(ROW)","exo[169]",exo,169,YRATNROW
"YRATP(USA)","exo[170]",exo,170,YRATPUSA
"YRATP(ROW)","exo[171]",exo,171,YRATPROW
"YRATR(USA)","exo[172]",exo,172,YRATRUSA
"YRATR(ROW)","exo[173]",exo,173,YRATRROW
