0,"par[0]",par,0,0
0,"par[1]",par,1,0
0,"par[2]",par,2,0
0,"par[3]",par,3,0
0,"par[4]",par,4,0
0,"par[5]",par,5,0
0,"par[6]",par,6,0
0,"par[7]",par,7,0
0,"par[8]",par,8,0
0,"par[9]",par,9,0
0,"par[10]",par,10,0
0,"par[11]",par,11,0
0,"par[12]",par,12,0
0,"par[13]",par,13,0
0,"par[14]",par,14,0
0,"par[15]",par,15,0
0,"par[16]",par,16,0
0,"par[17]",par,17,0
0,"par[18]",par,18,0
0,"par[19]",par,19,0
0,"par[20]",par,20,0
0,"par[21]",par,21,0
0,"par[22]",par,22,0
0,"par[23]",par,23,0
0,"par[24]",par,24,0
0,"par[25]",par,25,0
0,"par[26]",par,26,0
0,"par[27]",par,27,0
0,"par[28]",par,28,0
0,"par[29]",par,29,0
0,"par[30]",par,30,0
0,"par[31]",par,31,0
0,"par[32]",par,32,0
0,"par[33]",par,33,0
0,"par[34]",par,34,0
0,"par[35]",par,35,0
0,"par[36]",par,36,0
0,"par[37]",par,37,0
0,"par[38]",par,38,0
0,"par[39]",par,39,0
0,"par[40]",par,40,0
0,"par[41]",par,41,0
0,"par[42]",par,42,0
0,"par[43]",par,43,0
0,"par[44]",par,44,0
0,"par[45]",par,45,0
0,"par[46]",par,46,0
0,"par[47]",par,47,0
0,"par[48]",par,48,0
0,"par[49]",par,49,0
0,"par[50]",par,50,0
0,"par[51]",par,51,0
0,"par[52]",par,52,0
0,"par[53]",par,53,0
0,"par[54]",par,54,0
0,"par[55]",par,55,0
0,"par[56]",par,56,0
0,"par[57]",par,57,0
0,"par[58]",par,58,0
0,"par[59]",par,59,0
0,"par[60]",par,60,0
0,"par[61]",par,61,0
0,"par[62]",par,62,0
0,"par[63]",par,63,0
0,"par[64]",par,64,0
0,"par[65]",par,65,0
0,"par[66]",par,66,0
0,"par[67]",par,67,0
0,"par[68]",par,68,0
0,"par[69]",par,69,0
0,"par[70]",par,70,0
0,"par[71]",par,71,0
0,"par[72]",par,72,0
0,"par[73]",par,73,0
0,"par[74]",par,74,0
0,"par[75]",par,75,0
0,"par[76]",par,76,0
0,"par[77]",par,77,0
0,"par[78]",par,78,0
0,"par[79]",par,79,0
0,"par[80]",par,80,0
0,"par[81]",par,81,0
0,"par[82]",par,82,0
0,"par[83]",par,83,0
0,"par[84]",par,84,0
0,"par[85]",par,85,0
0,"par[86]",par,86,0
0,"par[87]",par,87,0
0,"par[88]",par,88,0
0,"par[89]",par,89,0
0,"par[90]",par,90,0
0,"par[91]",par,91,0
0,"par[92]",par,92,0
0,"par[93]",par,93,0
0,"par[94]",par,94,0
0,"par[95]",par,95,0
0,"par[96]",par,96,0
0,"par[97]",par,97,0
0,"par[98]",par,98,0
0,"par[99]",par,99,0
0,"par[100]",par,100,0
0,"par[101]",par,101,0
0,"par[102]",par,102,0
0,"par[103]",par,103,0
0,"par[104]",par,104,0
0,"par[105]",par,105,0
0,"par[106]",par,106,0
0,"par[107]",par,107,0
0,"par[108]",par,108,0
0,"par[109]",par,109,0
0,"par[110]",par,110,0
0,"par[111]",par,111,0
0,"par[112]",par,112,0
0,"par[113]",par,113,0
0,"par[114]",par,114,0
0,"par[115]",par,115,0
0,"par[116]",par,116,0
0,"par[117]",par,117,0
0,"par[118]",par,118,0
0,"par[119]",par,119,0
0,"par[120]",par,120,0
0,"par[121]",par,121,0
0,"par[122]",par,122,0
0,"par[123]",par,123,0
0,"par[124]",par,124,0
0,"par[125]",par,125,0
0,"par[126]",par,126,0
0,"par[127]",par,127,0
0,"par[128]",par,128,0
0,"par[129]",par,129,0
0,"par[130]",par,130,0
0,"par[131]",par,131,0
0,"par[132]",par,132,0
0,"par[133]",par,133,0
0,"par[134]",par,134,0
0,"par[135]",par,135,0
0,"par[136]",par,136,0
0,"par[137]",par,137,0
0,"par[138]",par,138,0
0,"par[139]",par,139,0
0,"par[140]",par,140,0
0,"par[141]",par,141,0
0,"par[142]",par,142,0
0,"par[143]",par,143,0
0,"par[144]",par,144,0
0,"par[145]",par,145,0
0,"par[146]",par,146,0
0,"par[147]",par,147,0
0,"par[148]",par,148,0
0,"par[149]",par,149,0
0,"par[150]",par,150,0
0,"par[151]",par,151,0
0,"par[152]",par,152,0
0,"par[153]",par,153,0
0,"par[154]",par,154,0
0,"par[155]",par,155,0
0,"par[156]",par,156,0
0,"par[157]",par,157,0
0,"par[158]",par,158,0
0,"par[159]",par,159,0
0,"par[160]",par,160,0
0,"par[161]",par,161,0
0,"par[162]",par,162,0
0,"par[163]",par,163,0
0,"par[164]",par,164,0
0,"par[165]",par,165,0
0,"par[166]",par,166,0
0,"par[167]",par,167,0
0,"par[168]",par,168,0
0,"par[169]",par,169,0
0,"par[170]",par,170,0
0,"par[171]",par,171,0
0,"par[172]",par,172,0
0,"par[173]",par,173,0
0,"par[174]",par,174,0
0,"par[175]",par,175,0
0,"par[176]",par,176,0
0,"par[177]",par,177,0
0,"par[178]",par,178,0
0,"par[179]",par,179,0
0,"par[180]",par,180,0
0,"par[181]",par,181,0
0,"par[182]",par,182,0
0,"par[183]",par,183,0
0,"par[184]",par,184,0
0,"par[185]",par,185,0
0,"par[186]",par,186,0
0,"par[187]",par,187,0
0,"par[188]",par,188,0
0,"par[189]",par,189,0
0,"par[190]",par,190,0
0,"par[191]",par,191,0
0,"par[192]",par,192,0
0,"par[193]",par,193,0
0,"par[194]",par,194,0
0,"par[195]",par,195,0
0,"par[196]",par,196,0
0,"par[197]",par,197,0
0,"par[198]",par,198,0
0,"par[199]",par,199,0
0,"par[200]",par,200,0
0,"par[201]",par,201,0
0,"par[202]",par,202,0
0,"par[203]",par,203,0
0,"par[204]",par,204,0
0,"par[205]",par,205,0
0,"par[206]",par,206,0
0,"par[207]",par,207,0
0,"par[208]",par,208,0
0,"par[209]",par,209,0
0,"par[210]",par,210,0
0,"par[211]",par,211,0
0,"par[212]",par,212,0
0,"par[213]",par,213,0
0,"par[214]",par,214,0
0,"par[215]",par,215,0
0,"par[216]",par,216,0
0,"par[217]",par,217,0
0,"par[218]",par,218,0
0,"par[219]",par,219,0
0,"par[220]",par,220,0
0,"par[221]",par,221,0
0,"par[222]",par,222,0
0,"par[223]",par,223,0
0,"par[224]",par,224,0
0,"par[225]",par,225,0
0,"par[226]",par,226,0
0,"par[227]",par,227,0
0,"par[228]",par,228,0
0,"par[229]",par,229,0
0,"par[230]",par,230,0
0,"par[231]",par,231,0
0,"par[232]",par,232,0
0,"par[233]",par,233,0
0,"par[234]",par,234,0
0,"par[235]",par,235,0
0,"par[236]",par,236,0
0,"par[237]",par,237,0
0,"par[238]",par,238,0
0,"par[239]",par,239,0
0,"par[240]",par,240,0
0,"par[241]",par,241,0
0,"par[242]",par,242,0
0,"par[243]",par,243,0
0,"par[244]",par,244,0
0,"par[245]",par,245,0
0,"par[246]",par,246,0
0,"par[247]",par,247,0
0,"par[248]",par,248,0
0,"par[249]",par,249,0
0,"par[250]",par,250,0
0,"par[251]",par,251,0
0,"par[252]",par,252,0
0,"par[253]",par,253,0
0,"par[254]",par,254,0
0,"par[255]",par,255,0
0,"par[256]",par,256,0
0,"par[257]",par,257,0
0,"par[258]",par,258,0
0,"par[259]",par,259,0
0,"par[260]",par,260,0
0,"par[261]",par,261,0
0,"par[262]",par,262,0
0,"par[263]",par,263,0
0,"par[264]",par,264,0
0,"par[265]",par,265,0
1,"z1l[0]",z1l,0,ABUYUSA
2,"z1l[1]",z1l,1,ABUYROW
1,"z1r[0]",z1r,0,ABUYUSA
2,"z1r[1]",z1r,1,ABUYROW
3,"x1l[0]",x1l,0,ASSEUU
4,"x1l[1]",x1l,1,ASSERU
5,"x1l[2]",x1l,2,ASSEUR
6,"x1l[3]",x1l,3,ASSERR
3,"yxr[0]",yxr,0,ASSEUU
4,"yxr[1]",yxr,1,ASSERU
5,"yxr[2]",yxr,2,ASSEUR
6,"yxr[3]",yxr,3,ASSERR
7,"z1l[2]",z1l,2,ASSUUSA
8,"z1l[3]",z1l,3,ASSUROW
7,"z1r[2]",z1r,2,ASSUUSA
8,"z1r[3]",z1r,3,ASSUROW
9,"exo[0]",exo,0,BCOLUSA
10,"exo[1]",exo,1,BCOLROW
11,"exo[2]",exo,2,BCT1UU
12,"exo[3]",exo,3,BCT1UR
13,"exo[4]",exo,4,BCT1RU
14,"exo[5]",exo,5,BCT1RR
15,"exo[6]",exo,6,BCT2UU
16,"exo[7]",exo,7,BCT2UR
17,"exo[8]",exo,8,BCT2RU
18,"exo[9]",exo,9,BCT2RR
19,"exo[10]",exo,10,BGASUSA
20,"exo[11]",exo,11,BGASROW
21,"exo[12]",exo,12,BOILUSA
22,"exo[13]",exo,13,BOILROW
23,"x1l[4]",x1l,4,BONDUSA
24,"x1l[5]",x1l,5,BONDROW
23,"yxr[4]",yxr,4,BONDUSA
24,"yxr[5]",yxr,5,BONDROW
25,"x1l[6]",x1l,6,CAP1USA
26,"x1l[7]",x1l,7,CAP1ROW
27,"x1l[8]",x1l,8,CAP2USA
28,"x1l[9]",x1l,9,CAP2ROW
25,"yxr[6]",yxr,6,CAP1USA
26,"yxr[7]",yxr,7,CAP1ROW
27,"yxr[8]",yxr,8,CAP2USA
28,"yxr[9]",yxr,9,CAP2ROW
29,"x1l[10]",x1l,10,CAPYUSA
30,"x1l[11]",x1l,11,CAPYROW
29,"yxr[10]",yxr,10,CAPYUSA
30,"yxr[11]",yxr,11,CAPYROW
31,"x1l[12]",x1l,12,CAPZUSA
32,"x1l[13]",x1l,13,CAPZROW
31,"yxr[12]",yxr,12,CAPZUSA
32,"yxr[13]",yxr,13,CAPZROW
33,"z1l[4]",z1l,4,CNPEUSA
34,"z1l[5]",z1l,5,CNPEROW
33,"z1r[4]",z1r,4,CNPEUSA
34,"z1r[5]",z1r,5,CNPEROW
35,"z1l[6]",z1l,6,CNPKUSA
36,"z1l[7]",z1l,7,CNPKROW
35,"z1r[6]",z1r,6,CNPKUSA
36,"z1r[7]",z1r,7,CNPKROW
37,"z1l[8]",z1l,8,CNPLUSA
38,"z1l[9]",z1l,9,CNPLROW
37,"z1r[8]",z1r,8,CNPLUSA
38,"z1r[9]",z1r,9,CNPLROW
39,"z1l[10]",z1l,10,CNPOUSA
40,"z1l[11]",z1l,11,CNPOROW
39,"z1r[10]",z1r,10,CNPOUSA
40,"z1r[11]",z1r,11,CNPOROW
41,"z1l[12]",z1l,12,CON1USA
42,"z1l[13]",z1l,13,CON1ROW
43,"z1l[14]",z1l,14,CON2USA
44,"z1l[15]",z1l,15,CON2ROW
41,"z1r[12]",z1r,12,CON1USA
42,"z1r[13]",z1r,13,CON1ROW
43,"z1r[14]",z1r,14,CON2USA
44,"z1r[15]",z1r,15,CON2ROW
45,"z1l[16]",z1l,16,CONPUSA
46,"z1l[17]",z1l,17,CONPROW
45,"z1r[16]",z1r,16,CONPUSA
46,"z1r[17]",z1r,17,CONPROW
47,"z1l[18]",z1l,18,CURNUSA
48,"z1l[19]",z1l,19,CURNROW
47,"z1r[18]",z1r,18,CURNUSA
48,"z1r[19]",z1r,19,CURNROW
49,"z1l[20]",z1l,20,CURRUSA
50,"z1l[21]",z1l,21,CURRROW
49,"z1r[20]",z1r,20,CURRUSA
50,"z1r[21]",z1r,21,CURRROW
51,"z1l[22]",z1l,22,DEFIUSA
52,"z1l[23]",z1l,23,DEFIROW
51,"z1r[22]",z1r,22,DEFIUSA
52,"z1r[23]",z1r,23,DEFIROW
53,"z1l[24]",z1l,24,DEFNUSA
54,"z1l[25]",z1l,25,DEFNROW
53,"z1r[24]",z1r,24,DEFNUSA
54,"z1r[25]",z1r,25,DEFNROW
55,"exo[14]",exo,14,DEFXUSA
56,"exo[15]",exo,15,DEFXROW
57,"exo[16]",exo,16,ECOLUSA
58,"exo[17]",exo,17,ECOLROW
59,"exo[18]",exo,18,EGASUSA
60,"exo[19]",exo,19,EGASROW
61,"z1l[26]",z1l,26,EN11USA
62,"z1l[27]",z1l,27,EN11ROW
63,"z1l[28]",z1l,28,EN21USA
64,"z1l[29]",z1l,29,EN21ROW
61,"z1r[26]",z1r,26,EN11USA
62,"z1r[27]",z1r,27,EN11ROW
63,"z1r[28]",z1r,28,EN21USA
64,"z1r[29]",z1r,29,EN21ROW
65,"z1l[30]",z1l,30,ENT1USA
66,"z1l[31]",z1l,31,ENT1ROW
67,"z1l[32]",z1l,32,ENT2USA
68,"z1l[33]",z1l,33,ENT2ROW
65,"z1r[30]",z1r,30,ENT1USA
66,"z1r[31]",z1r,31,ENT1ROW
67,"z1r[32]",z1r,32,ENT2USA
68,"z1r[33]",z1r,33,ENT2ROW
69,"exo[20]",exo,20,EOILUSA
70,"exo[21]",exo,21,EOILROW
71,"z1l[34]",z1l,34,EPRCUSA
72,"z1l[35]",z1l,35,EPRCROW
71,"z1r[34]",z1r,34,EPRCUSA
72,"z1r[35]",z1r,35,EPRCROW
73,"x1l[14]",x1l,14,EXCHUU
74,"x1l[15]",x1l,15,EXCHRU
73,"yxr[14]",yxr,14,EXCHUU
74,"yxr[15]",yxr,15,EXCHRU
73,"x1r[14]",x1r,14,EXCHUU
74,"x1r[15]",x1r,15,EXCHRU
75,"x1l[16]",x1l,16,EXCLUSA
76,"x1l[17]",x1l,17,EXCLROW
75,"yxr[16]",yxr,16,EXCLUSA
76,"yxr[17]",yxr,17,EXCLROW
77,"exo[22]",exo,22,EXCRUSA
78,"exo[23]",exo,23,EXCRROW
79,"exo[24]",exo,24,EXCXUSA
80,"exo[25]",exo,25,EXCXROW
81,"z1l[36]",z1l,36,EXQ1USA
82,"z1l[37]",z1l,37,EXQ1ROW
83,"z1l[38]",z1l,38,EXQ2USA
84,"z1l[39]",z1l,39,EXQ2ROW
81,"z1r[36]",z1r,36,EXQ1USA
82,"z1r[37]",z1r,37,EXQ1ROW
83,"z1r[38]",z1r,38,EXQ2USA
84,"z1r[39]",z1r,39,EXQ2ROW
85,"z1l[40]",z1l,40,EXQTUSA
86,"z1l[41]",z1l,41,EXQTROW
85,"z1r[40]",z1r,40,EXQTUSA
86,"z1r[41]",z1r,41,EXQTROW
87,"z1l[42]",z1l,42,EYGRUSA
88,"z1l[43]",z1l,43,EYGRROW
87,"z1r[42]",z1r,42,EYGRUSA
88,"z1r[43]",z1r,43,EYGRROW
89,"z1l[44]",z1l,44,GCE1USA
90,"z1l[45]",z1l,45,GCE1ROW
91,"z1l[46]",z1l,46,GCE2USA
92,"z1l[47]",z1l,47,GCE2ROW
89,"z1r[44]",z1r,44,GCE1USA
90,"z1r[45]",z1r,45,GCE1ROW
91,"z1r[46]",z1r,46,GCE2USA
92,"z1r[47]",z1r,47,GCE2ROW
93,"z1l[48]",z1l,48,GCETUSA
94,"z1l[49]",z1l,49,GCETROW
93,"z1r[48]",z1r,48,GCETUSA
94,"z1r[49]",z1r,49,GCETROW
95,"z1l[50]",z1l,50,GDPNUSA
96,"z1l[51]",z1l,51,GDPNROW
95,"z1r[50]",z1r,50,GDPNUSA
96,"z1r[51]",z1r,51,GDPNROW
97,"z1l[52]",z1l,52,GDPRUSA
98,"z1l[53]",z1l,53,GDPRROW
97,"z1r[52]",z1r,52,GDPRUSA
98,"z1r[53]",z1r,53,GDPRROW
99,"z1l[54]",z1l,54,GNENUSA
100,"z1l[55]",z1l,55,GNENROW
99,"z1r[54]",z1r,54,GNENUSA
100,"z1r[55]",z1r,55,GNENROW
101,"z1l[56]",z1l,56,GNERUSA
102,"z1l[57]",z1l,57,GNERROW
101,"z1r[56]",z1r,56,GNERUSA
102,"z1r[57]",z1r,57,GNERROW
103,"z1l[58]",z1l,58,GNPRUSA
104,"z1l[59]",z1l,59,GNPRROW
103,"z1r[58]",z1r,58,GNPRUSA
104,"z1r[59]",z1r,59,GNPRROW
105,"exo[26]",exo,26,GOVLUSA
106,"exo[27]",exo,27,GOVLROW
107,"exo[28]",exo,28,GOVSUSA
108,"exo[29]",exo,29,GOVSROW
109,"z1l[60]",z1l,60,GOVTUSA
110,"z1l[61]",z1l,61,GOVTROW
109,"z1r[60]",z1r,60,GOVTUSA
110,"z1r[61]",z1r,61,GOVTROW
111,"z1l[62]",z1l,62,IIN1USA
112,"z1l[63]",z1l,63,IIN1ROW
113,"z1l[64]",z1l,64,IIN2USA
114,"z1l[65]",z1l,65,IIN2ROW
111,"z1r[62]",z1r,62,IIN1USA
112,"z1r[63]",z1r,63,IIN1ROW
113,"z1r[64]",z1r,64,IIN2USA
114,"z1r[65]",z1r,65,IIN2ROW
115,"z1l[66]",z1l,66,IITEUSA
116,"z1l[67]",z1l,67,IITEROW
115,"z1r[66]",z1r,66,IITEUSA
116,"z1r[67]",z1r,67,IITEROW
117,"z1l[68]",z1l,68,IITLUSA
118,"z1l[69]",z1l,69,IITLROW
117,"z1r[68]",z1r,68,IITLUSA
118,"z1r[69]",z1r,69,IITLROW
119,"z1l[70]",z1l,70,IITOUSA
120,"z1l[71]",z1l,71,IITOROW
119,"z1r[70]",z1r,70,IITOUSA
120,"z1r[71]",z1r,71,IITOROW
121,"z1l[72]",z1l,72,IMP1UU
122,"z1l[73]",z1l,73,IMP1UR
123,"z1l[74]",z1l,74,IMP1RU
124,"z1l[75]",z1l,75,IMP1RR
125,"z1l[76]",z1l,76,IMP2UU
126,"z1l[77]",z1l,77,IMP2UR
127,"z1l[78]",z1l,78,IMP2RU
128,"z1l[79]",z1l,79,IMP2RR
121,"z1r[72]",z1r,72,IMP1UU
122,"z1r[73]",z1r,73,IMP1UR
123,"z1r[74]",z1r,74,IMP1RU
124,"z1r[75]",z1r,75,IMP1RR
125,"z1r[76]",z1r,76,IMP2UU
126,"z1r[77]",z1r,77,IMP2UR
127,"z1r[78]",z1r,78,IMP2RU
128,"z1r[79]",z1r,79,IMP2RR
129,"exo[30]",exo,30,IMPX1UU
130,"exo[31]",exo,31,IMPX1UR
131,"exo[32]",exo,32,IMPX1RU
132,"exo[33]",exo,33,IMPX1RR
133,"exo[34]",exo,34,IMPX2UU
134,"exo[35]",exo,35,IMPX2UR
135,"exo[36]",exo,36,IMPX2RU
136,"exo[37]",exo,37,IMPX2RR
137,"z1l[80]",z1l,80,IMQ1USA
138,"z1l[81]",z1l,81,IMQ1ROW
139,"z1l[82]",z1l,82,IMQ2USA
140,"z1l[83]",z1l,83,IMQ2ROW
137,"z1r[80]",z1r,80,IMQ1USA
138,"z1r[81]",z1r,81,IMQ1ROW
139,"z1r[82]",z1r,82,IMQ2USA
140,"z1r[83]",z1r,83,IMQ2ROW
141,"z1l[84]",z1l,84,IMQTUSA
142,"z1l[85]",z1l,85,IMQTROW
141,"z1r[84]",z1r,84,IMQTUSA
142,"z1r[85]",z1r,85,IMQTROW
143,"z1l[86]",z1l,86,INASUSA
144,"z1l[87]",z1l,87,INASROW
143,"z1r[86]",z1r,86,INASUSA
144,"z1r[87]",z1r,87,INASROW
145,"z1l[88]",z1l,88,INCMUSA
146,"z1l[89]",z1l,89,INCMROW
145,"z1r[88]",z1r,88,INCMUSA
146,"z1r[89]",z1r,89,INCMROW
147,"z1l[90]",z1l,90,INFCLUSA
148,"z1l[91]",z1l,91,INFCLROW
147,"z1r[90]",z1r,90,INFCLUSA
148,"z1r[91]",z1r,91,INFCLROW
149,"z1l[92]",z1l,92,INFLUSA
150,"z1l[93]",z1l,93,INFLROW
149,"z1r[92]",z1r,92,INFLUSA
150,"z1r[93]",z1r,93,INFLROW
151,"z1l[94]",z1l,94,INFPUSA
152,"z1l[95]",z1l,95,INFPROW
151,"z1r[94]",z1r,94,INFPUSA
152,"z1r[95]",z1r,95,INFPROW
153,"exo[38]",exo,38,INFXUSA
154,"exo[39]",exo,39,INFXROW
155,"x1l[18]",x1l,18,INPLUSA
156,"x1l[19]",x1l,19,INPLROW
155,"yxr[18]",yxr,18,INPLUSA
156,"yxr[19]",yxr,19,INPLROW
157,"x1l[20]",x1l,20,INPNUSA
158,"x1l[21]",x1l,21,INPNROW
157,"yxr[20]",yxr,20,INPNUSA
158,"yxr[21]",yxr,21,INPNROW
157,"x1r[20]",x1r,20,INPNUSA
158,"x1r[21]",x1r,21,INPNROW
159,"exo[40]",exo,40,INS1USA
160,"exo[41]",exo,41,INS2USA
161,"exo[42]",exo,42,INS1ROW
162,"exo[43]",exo,43,INS2ROW
163,"z1l[96]",z1l,96,INTFUSA
164,"z1l[97]",z1l,97,INTFROW
163,"z1r[96]",z1r,96,INTFUSA
164,"z1r[97]",z1r,97,INTFROW
165,"x1l[22]",x1l,22,INTLUSA
166,"x1l[23]",x1l,23,INTLROW
165,"yxr[22]",yxr,22,INTLUSA
166,"yxr[23]",yxr,23,INTLROW
167,"x1l[24]",x1l,24,INTNUSA
168,"x1l[25]",x1l,25,INTNROW
167,"yxr[24]",yxr,24,INTNUSA
168,"yxr[25]",yxr,25,INTNROW
167,"x1r[24]",x1r,24,INTNUSA
168,"x1r[25]",x1r,25,INTNROW
169,"z1l[98]",z1l,98,INTRUSA
170,"z1l[99]",z1l,99,INTRROW
169,"z1r[98]",z1r,98,INTRUSA
170,"z1r[99]",z1r,99,INTRROW
171,"exo[44]",exo,44,INTXUSA
172,"exo[45]",exo,45,INTXROW
173,"z1l[100]",z1l,100,INV1USA
174,"z1l[101]",z1l,101,INV1ROW
175,"z1l[102]",z1l,102,INV2USA
176,"z1l[103]",z1l,103,INV2ROW
173,"z1r[100]",z1r,100,INV1USA
174,"z1r[101]",z1r,101,INV1ROW
175,"z1r[102]",z1r,102,INV2USA
176,"z1r[103]",z1r,103,INV2ROW
177,"z1l[104]",z1l,104,INVPUSA
178,"z1l[105]",z1l,105,INVPROW
177,"z1r[104]",z1r,104,INVPUSA
178,"z1r[105]",z1r,105,INVPROW
179,"z1l[106]",z1l,106,INVTUSA
180,"z1l[107]",z1l,107,INVTROW
179,"z1r[106]",z1r,106,INVTUSA
180,"z1r[107]",z1r,107,INVTROW
181,"z1l[108]",z1l,108,INVYUSA
182,"z1l[109]",z1l,109,INVYROW
181,"z1r[108]",z1r,108,INVYUSA
182,"z1r[109]",z1r,109,INVYROW
183,"z1l[110]",z1l,110,INVZUSA
184,"z1l[111]",z1l,111,INVZROW
183,"z1r[110]",z1r,110,INVZUSA
184,"z1r[111]",z1r,111,INVZROW
185,"z1l[112]",z1l,112,IRASUSA
186,"z1l[113]",z1l,113,IRASROW
185,"z1r[112]",z1r,112,IRASUSA
186,"z1r[113]",z1r,113,IRASROW
187,"z1l[114]",z1l,114,JNV1USA
188,"z1l[115]",z1l,115,JNV1ROW
189,"z1l[116]",z1l,116,JNV2USA
190,"z1l[117]",z1l,117,JNV2ROW
187,"z1r[114]",z1r,114,JNV1USA
188,"z1r[115]",z1r,115,JNV1ROW
189,"z1r[116]",z1r,116,JNV2USA
190,"z1r[117]",z1r,117,JNV2ROW
191,"z1l[118]",z1l,118,JNVYUSA
192,"z1l[119]",z1l,119,JNVYROW
191,"z1r[118]",z1r,118,JNVYUSA
192,"z1r[119]",z1r,119,JNVYROW
193,"z1l[120]",z1l,120,JNVZUSA
194,"z1l[121]",z1l,121,JNVZROW
193,"z1r[120]",z1r,120,JNVZUSA
194,"z1r[121]",z1r,121,JNVZROW
195,"z1l[122]",z1l,122,LAB1USA
196,"z1l[123]",z1l,123,LAB1ROW
197,"z1l[124]",z1l,124,LAB2USA
198,"z1l[125]",z1l,125,LAB2ROW
195,"z1r[122]",z1r,122,LAB1USA
196,"z1r[123]",z1r,123,LAB1ROW
197,"z1r[124]",z1r,124,LAB2USA
198,"z1r[125]",z1r,125,LAB2ROW
199,"z1l[126]",z1l,126,LABOUSA
200,"z1l[127]",z1l,127,LABOROW
199,"z1r[126]",z1r,126,LABOUSA
200,"z1r[127]",z1r,127,LABOROW
201,"exo[46]",exo,46,LABXUSA
202,"exo[47]",exo,47,LABXROW
203,"j1l[0]",j1l,0,LAM1USA
204,"j1l[1]",j1l,1,LAM1ROW
205,"j1l[2]",j1l,2,LAM2USA
206,"j1l[3]",j1l,3,LAM2ROW
203,"yjr[0]",yjr,0,LAM1USA
204,"yjr[1]",yjr,1,LAM1ROW
205,"yjr[2]",yjr,2,LAM2USA
206,"yjr[3]",yjr,3,LAM2ROW
207,"j1l[4]",j1l,4,LAMYUSA
208,"j1l[5]",j1l,5,LAMYROW
207,"yjr[4]",yjr,4,LAMYUSA
208,"yjr[5]",yjr,5,LAMYROW
209,"j1l[6]",j1l,6,LAMZUSA
210,"j1l[7]",j1l,7,LAMZROW
209,"yjr[6]",yjr,6,LAMZUSA
210,"yjr[7]",yjr,7,LAMZROW
211,"exo[48]",exo,48,LGDPNUSA
212,"exo[49]",exo,49,LGDPNROW
213,"exo[50]",exo,50,LGDPRUSA
214,"exo[51]",exo,51,LGDPRROW
215,"z1l[128]",z1l,128,MONEUSA
216,"z1l[129]",z1l,129,MONEROW
215,"z1r[128]",z1r,128,MONEUSA
216,"z1r[129]",z1r,129,MONEROW
217,"z1l[130]",z1l,130,NB02USA
218,"z1l[131]",z1l,131,NB02ROW
217,"z1r[130]",z1r,130,NB02USA
218,"z1r[131]",z1r,131,NB02ROW
219,"z1l[132]",z1l,132,NB05USA
220,"z1l[133]",z1l,133,NB05ROW
219,"z1r[132]",z1r,132,NB05USA
220,"z1r[133]",z1r,133,NB05ROW
221,"z1l[134]",z1l,134,NB10USA
222,"z1l[135]",z1l,135,NB10ROW
221,"z1r[134]",z1r,134,NB10USA
222,"z1r[135]",z1r,135,NB10ROW
223,"z1l[136]",z1l,136,NEERUSA
224,"z1l[137]",z1l,137,NEERROW
223,"z1r[136]",z1r,136,NEERUSA
224,"z1r[137]",z1r,137,NEERROW
225,"z1l[138]",z1l,138,OI12USA
226,"z1l[139]",z1l,139,OI12ROW
227,"z1l[140]",z1l,140,OI22USA
228,"z1l[141]",z1l,141,OI22ROW
225,"z1r[138]",z1r,138,OI12USA
226,"z1r[139]",z1r,139,OI12ROW
227,"z1r[140]",z1r,140,OI22USA
228,"z1r[141]",z1r,141,OI22ROW
229,"z1l[142]",z1l,142,OIN1USA
230,"z1l[143]",z1l,143,OIN1ROW
231,"z1l[144]",z1l,144,OIN2USA
232,"z1l[145]",z1l,145,OIN2ROW
229,"z1r[142]",z1r,142,OIN1USA
230,"z1r[143]",z1r,143,OIN1ROW
231,"z1r[144]",z1r,144,OIN2USA
232,"z1r[145]",z1r,145,OIN2ROW
233,"z1l[146]",z1l,146,OUG1USA
234,"z1l[147]",z1l,147,OUG1ROW
235,"z1l[148]",z1l,148,OUG2USA
236,"z1l[149]",z1l,149,OUG2ROW
233,"z1r[146]",z1r,146,OUG1USA
234,"z1r[147]",z1r,147,OUG1ROW
235,"z1r[148]",z1r,148,OUG2USA
236,"z1r[149]",z1r,149,OUG2ROW
237,"z1l[150]",z1l,150,OUP1USA
238,"z1l[151]",z1l,151,OUP1ROW
239,"z1l[152]",z1l,152,OUP2USA
240,"z1l[153]",z1l,153,OUP2ROW
237,"z1r[150]",z1r,150,OUP1USA
238,"z1r[151]",z1r,151,OUP1ROW
239,"z1r[152]",z1r,152,OUP2USA
240,"z1r[153]",z1r,153,OUP2ROW
241,"x1l[26]",x1l,26,OUTLUSA
242,"x1l[27]",x1l,27,OUTLROW
241,"yxr[26]",yxr,26,OUTLUSA
242,"yxr[27]",yxr,27,OUTLROW
243,"zel[0]",zel,0,OUTPUSA
244,"zel[1]",zel,1,OUTPROW
243,"zer[0]",zer,0,OUTPUSA
244,"zer[1]",zer,1,OUTPROW
243,"exz[0]",exz,0,OUTPUSA
244,"exz[1]",exz,1,OUTPROW
245,"exo[52]",exo,52,OUTXUSA
246,"exo[53]",exo,53,OUTXROW
247,"z1l[154]",z1l,154,OUY1USA
248,"z1l[155]",z1l,155,OUY1ROW
249,"z1l[156]",z1l,156,OUY2USA
250,"z1l[157]",z1l,157,OUY2ROW
247,"z1r[154]",z1r,154,OUY1USA
248,"z1r[155]",z1r,155,OUY1ROW
249,"z1r[156]",z1r,156,OUY2USA
250,"z1r[157]",z1r,157,OUY2ROW
251,"exo[54]",exo,54,PBAGUSA
252,"exo[55]",exo,55,PBAGROW
253,"exo[56]",exo,56,PBALUSA
254,"exo[57]",exo,57,PBALROW
255,"z1l[158]",z1l,158,PGDPUSA
256,"z1l[159]",z1l,159,PGDPROW
255,"z1r[158]",z1r,158,PGDPUSA
256,"z1r[159]",z1r,159,PGDPROW
257,"z1l[160]",z1l,160,PIM1UU
258,"z1l[161]",z1l,161,PIM1UR
259,"z1l[162]",z1l,162,PIM1RU
260,"z1l[163]",z1l,163,PIM1RR
261,"z1l[164]",z1l,164,PIM2UU
262,"z1l[165]",z1l,165,PIM2UR
263,"z1l[166]",z1l,166,PIM2RU
264,"z1l[167]",z1l,167,PIM2RR
257,"z1r[160]",z1r,160,PIM1UU
258,"z1r[161]",z1r,161,PIM1UR
259,"z1r[162]",z1r,162,PIM1RU
260,"z1r[163]",z1r,163,PIM1RR
261,"z1r[164]",z1r,164,PIM2UU
262,"z1r[165]",z1r,165,PIM2UR
263,"z1r[166]",z1r,166,PIM2RU
264,"z1r[167]",z1r,167,PIM2RR
265,"z1l[168]",z1l,168,PMQ1USA
266,"z1l[169]",z1l,169,PMQ1ROW
267,"z1l[170]",z1l,170,PMQ2USA
268,"z1l[171]",z1l,171,PMQ2ROW
265,"z1r[168]",z1r,168,PMQ1USA
266,"z1r[169]",z1r,169,PMQ1ROW
267,"z1r[170]",z1r,170,PMQ2USA
268,"z1r[171]",z1r,171,PMQ2ROW
269,"z1l[172]",z1l,172,PMR1USA
270,"z1l[173]",z1l,173,PMR1ROW
271,"z1l[174]",z1l,174,PMR2USA
272,"z1l[175]",z1l,175,PMR2ROW
269,"z1r[172]",z1r,172,PMR1USA
270,"z1r[173]",z1r,173,PMR1ROW
271,"z1r[174]",z1r,174,PMR2USA
272,"z1r[175]",z1r,175,PMR2ROW
273,"z1l[176]",z1l,176,POI1USA
274,"z1l[177]",z1l,177,POI1ROW
275,"z1l[178]",z1l,178,POI2USA
276,"z1l[179]",z1l,179,POI2ROW
273,"z1r[176]",z1r,176,POI1USA
274,"z1r[177]",z1r,177,POI1ROW
275,"z1r[178]",z1r,178,POI2USA
276,"z1r[179]",z1r,179,POI2ROW
277,"z1l[180]",z1l,180,PRCEUSA
278,"z1l[181]",z1l,181,PRCEROW
277,"z1r[180]",z1r,180,PRCEUSA
278,"z1r[181]",z1r,181,PRCEROW
279,"x1l[28]",x1l,28,PRCLUSA
280,"x1l[29]",x1l,29,PRCLROW
279,"yxr[28]",yxr,28,PRCLUSA
280,"yxr[29]",yxr,29,PRCLROW
281,"z1l[182]",z1l,182,PRCOUSA
282,"z1l[183]",z1l,183,PRCOROW
281,"z1r[182]",z1r,182,PRCOUSA
282,"z1r[183]",z1r,183,PRCOROW
283,"x1l[30]",x1l,30,PRCOLUSA
284,"x1l[31]",x1l,31,PRCOLROW
283,"yxr[30]",yxr,30,PRCOLUSA
284,"yxr[31]",yxr,31,PRCOLROW
285,"zel[2]",zel,2,PRCTUSA
286,"zel[3]",zel,3,PRCTROW
285,"zer[2]",zer,2,PRCTUSA
286,"zer[3]",zer,3,PRCTROW
285,"exz[2]",exz,2,PRCTUSA
286,"exz[3]",exz,3,PRCTROW
287,"z1l[184]",z1l,184,PRD1USA
288,"z1l[185]",z1l,185,PRD1ROW
289,"z1l[186]",z1l,186,PRD2USA
290,"z1l[187]",z1l,187,PRD2ROW
287,"z1r[184]",z1r,184,PRD1USA
288,"z1r[185]",z1r,185,PRD1ROW
289,"z1r[186]",z1r,186,PRD2USA
290,"z1r[187]",z1r,187,PRD2ROW
291,"x1l[32]",x1l,32,PRDLUSA
292,"x1l[33]",x1l,33,PRDLROW
291,"yxr[32]",yxr,32,PRDLUSA
292,"yxr[33]",yxr,33,PRDLROW
293,"exo[58]",exo,58,PRDXUSA
294,"exo[59]",exo,59,PRDXROW
295,"z1l[188]",z1l,188,PRE1USA
296,"z1l[189]",z1l,189,PRE1ROW
297,"z1l[190]",z1l,190,PRE2USA
298,"z1l[191]",z1l,191,PRE2ROW
295,"z1r[188]",z1r,188,PRE1USA
296,"z1r[189]",z1r,189,PRE1ROW
297,"z1r[190]",z1r,190,PRE2USA
298,"z1r[191]",z1r,191,PRE2ROW
299,"z1l[192]",z1l,192,PRF1USA
300,"z1l[193]",z1l,193,PRF1ROW
301,"z1l[194]",z1l,194,PRF2USA
302,"z1l[195]",z1l,195,PRF2ROW
299,"z1r[192]",z1r,192,PRF1USA
300,"z1r[193]",z1r,193,PRF1ROW
301,"z1r[194]",z1r,194,PRF2USA
302,"z1r[195]",z1r,195,PRF2ROW
303,"z1l[196]",z1l,196,PRFTUSA
304,"z1l[197]",z1l,197,PRFTROW
303,"z1r[196]",z1r,196,PRFTUSA
304,"z1r[197]",z1r,197,PRFTROW
305,"z1l[198]",z1l,198,PRFYUSA
306,"z1l[199]",z1l,199,PRFYROW
305,"z1r[198]",z1r,198,PRFYUSA
306,"z1r[199]",z1r,199,PRFYROW
307,"z1l[200]",z1l,200,PRFZUSA
308,"z1l[201]",z1l,201,PRFZROW
307,"z1r[200]",z1r,200,PRFZUSA
308,"z1r[201]",z1r,201,PRFZROW
309,"z1l[202]",z1l,202,PRGTUSA
310,"z1l[203]",z1l,203,PRGTROW
309,"z1r[202]",z1r,202,PRGTUSA
310,"z1r[203]",z1r,203,PRGTROW
311,"zel[4]",zel,4,PRIDUSA
312,"zel[5]",zel,5,PRIDROW
311,"zer[4]",zer,4,PRIDUSA
312,"zer[5]",zer,5,PRIDROW
311,"exz[4]",exz,4,PRIDUSA
312,"exz[5]",exz,5,PRIDROW
313,"z1l[204]",z1l,204,PRIEUSA
314,"z1l[205]",z1l,205,PRIEROW
313,"z1r[204]",z1r,204,PRIEUSA
314,"z1r[205]",z1r,205,PRIEROW
315,"z1l[206]",z1l,206,PRIIUSA
316,"z1l[207]",z1l,207,PRIIROW
315,"z1r[206]",z1r,206,PRIIUSA
316,"z1r[207]",z1r,207,PRIIROW
317,"z1l[208]",z1l,208,PRIMUSA
318,"z1l[209]",z1l,209,PRIMROW
317,"z1r[208]",z1r,208,PRIMUSA
318,"z1r[209]",z1r,209,PRIMROW
319,"z1l[210]",z1l,210,PRIXUSA
320,"z1l[211]",z1l,211,PRIXROW
319,"z1r[210]",z1r,210,PRIXUSA
320,"z1r[211]",z1r,211,PRIXROW
321,"z1l[212]",z1l,212,PRK1USA
322,"z1l[213]",z1l,213,PRK1ROW
323,"z1l[214]",z1l,214,PRK2USA
324,"z1l[215]",z1l,215,PRK2ROW
321,"z1r[212]",z1r,212,PRK1USA
322,"z1r[213]",z1r,213,PRK1ROW
323,"z1r[214]",z1r,214,PRK2USA
324,"z1r[215]",z1r,215,PRK2ROW
325,"z1l[216]",z1l,216,PRKYUSA
326,"z1l[217]",z1l,217,PRKYROW
325,"z1r[216]",z1r,216,PRKYUSA
326,"z1r[217]",z1r,217,PRKYROW
327,"z1l[218]",z1l,218,PRKZUSA
328,"z1l[219]",z1l,219,PRKZROW
327,"z1r[218]",z1r,218,PRKZUSA
328,"z1r[219]",z1r,219,PRKZROW
329,"z1l[220]",z1l,220,PROIUSA
330,"z1l[221]",z1l,221,PROIROW
329,"z1r[220]",z1r,220,PROIUSA
330,"z1r[221]",z1r,221,PROIROW
331,"z1l[222]",z1l,222,PRP1USA
332,"z1l[223]",z1l,223,PRP1ROW
333,"z1l[224]",z1l,224,PRP2USA
334,"z1l[225]",z1l,225,PRP2ROW
331,"z1r[222]",z1r,222,PRP1USA
332,"z1r[223]",z1r,223,PRP1ROW
333,"z1r[224]",z1r,224,PRP2USA
334,"z1r[225]",z1r,225,PRP2ROW
335,"z1l[226]",z1l,226,PRS1USA
336,"z1l[227]",z1l,227,PRS1ROW
337,"z1l[228]",z1l,228,PRS2USA
338,"z1l[229]",z1l,229,PRS2ROW
335,"z1r[226]",z1r,226,PRS1USA
336,"z1r[227]",z1r,227,PRS1ROW
337,"z1r[228]",z1r,228,PRS2USA
338,"z1r[229]",z1r,229,PRS2ROW
339,"z1l[230]",z1l,230,PRT11USA
340,"z1l[231]",z1l,231,PRT11ROW
341,"z1l[232]",z1l,232,PRT21USA
342,"z1l[233]",z1l,233,PRT21ROW
339,"z1r[230]",z1r,230,PRT11USA
340,"z1r[231]",z1r,231,PRT11ROW
341,"z1r[232]",z1r,232,PRT21USA
342,"z1r[233]",z1r,233,PRT21ROW
343,"z1l[234]",z1l,234,PRX1USA
344,"z1l[235]",z1l,235,PRX1ROW
345,"z1l[236]",z1l,236,PRX2USA
346,"z1l[237]",z1l,237,PRX2ROW
343,"z1r[234]",z1r,234,PRX1USA
344,"z1r[235]",z1r,235,PRX1ROW
345,"z1r[236]",z1r,236,PRX2USA
346,"z1r[237]",z1r,237,PRX2ROW
347,"exo[60]",exo,60,PRXXUSA
348,"exo[61]",exo,61,PRXXROW
349,"z1l[238]",z1l,238,PRY1USA
350,"z1l[239]",z1l,239,PRY1ROW
351,"z1l[240]",z1l,240,PRY2USA
352,"z1l[241]",z1l,241,PRY2ROW
349,"z1r[238]",z1r,238,PRY1USA
350,"z1r[239]",z1r,239,PRY1ROW
351,"z1r[240]",z1r,240,PRY2USA
352,"z1r[241]",z1r,241,PRY2ROW
353,"exo[62]",exo,62,PTARUSA
354,"exo[63]",exo,63,PTARROW
355,"z1l[242]",z1l,242,RB10USA
356,"z1l[243]",z1l,243,RB10ROW
355,"z1r[242]",z1r,242,RB10USA
356,"z1r[243]",z1r,243,RB10ROW
357,"z1l[244]",z1l,244,REERUSA
358,"z1l[245]",z1l,245,REERROW
357,"z1r[244]",z1r,244,REERUSA
358,"z1r[245]",z1r,245,REERROW
359,"j1l[8]",j1l,8,REXCUU
360,"j1l[9]",j1l,9,REXCRU
359,"yjr[8]",yjr,8,REXCUU
360,"yjr[9]",yjr,9,REXCRU
361,"z1l[246]",z1l,246,REXNUSA
362,"z1l[247]",z1l,247,REXNROW
361,"z1r[246]",z1r,246,REXNUSA
362,"z1r[247]",z1r,247,REXNROW
363,"exo[64]",exo,64,RISE1USA
364,"exo[65]",exo,65,RISE1ROW
365,"exo[66]",exo,66,RISE2USA
366,"exo[67]",exo,67,RISE2ROW
367,"exo[68]",exo,68,RISHUSA
368,"exo[69]",exo,69,RISHROW
369,"exo[70]",exo,70,RISRUSA
370,"exo[71]",exo,71,RISRROW
371,"exo[72]",exo,72,RISWUSA
372,"exo[73]",exo,73,RISWROW
373,"exo[74]",exo,74,RISYUSA
374,"exo[75]",exo,75,RISYROW
375,"exo[76]",exo,76,RISZUSA
376,"exo[77]",exo,77,RISZROW
377,"exo[78]",exo,78,ROGYUSA
378,"exo[79]",exo,79,ROGYROW
379,"exo[80]",exo,80,RVGSUSA
380,"exo[81]",exo,81,RVGSROW
381,"z1l[248]",z1l,248,SAVIUSA
382,"z1l[249]",z1l,249,SAVIROW
381,"z1r[248]",z1r,248,SAVIUSA
382,"z1r[249]",z1r,249,SAVIROW
383,"z1l[250]",z1l,250,SAVNUSA
384,"z1l[251]",z1l,251,SAVNROW
383,"z1r[250]",z1r,250,SAVNUSA
384,"z1r[251]",z1r,251,SAVNROW
385,"z1l[252]",z1l,252,SAVTUSA
386,"z1l[253]",z1l,253,SAVTROW
385,"z1r[252]",z1r,252,SAVTUSA
386,"z1r[253]",z1r,253,SAVTROW
387,"exo[82]",exo,82,SHEF1USA
388,"exo[83]",exo,83,SHEF1ROW
389,"exo[84]",exo,84,SHEF2USA
390,"exo[85]",exo,85,SHEF2ROW
391,"exo[86]",exo,86,SHEFCUSA
392,"exo[87]",exo,87,SHEFCROW
393,"exo[88]",exo,88,SHK1USA
394,"exo[89]",exo,89,SHK1ROW
395,"exo[90]",exo,90,SHK2USA
396,"exo[91]",exo,91,SHK2ROW
397,"exo[92]",exo,92,SHKCUSA
398,"exo[93]",exo,93,SHKCROW
399,"exo[94]",exo,94,SHKI1USA
400,"exo[95]",exo,95,SHKI2USA
401,"exo[96]",exo,96,SHKI1ROW
402,"exo[97]",exo,97,SHKI2ROW
403,"exo[98]",exo,98,SHKMUSA
404,"exo[99]",exo,99,SHKMROW
405,"exo[100]",exo,100,SHL1USA
406,"exo[101]",exo,101,SHL2USA
407,"exo[102]",exo,102,SHL1ROW
408,"exo[103]",exo,103,SHL2ROW
409,"exo[104]",exo,104,SHLYUSA
410,"exo[105]",exo,105,SHLYROW
411,"exo[106]",exo,106,SHLZUSA
412,"exo[107]",exo,107,SHLZROW
413,"exo[108]",exo,108,SHY1USA
414,"exo[109]",exo,109,SHY1ROW
415,"exo[110]",exo,110,SHY2USA
416,"exo[111]",exo,111,SHY2ROW
417,"exo[112]",exo,112,SHYYUSA
418,"exo[113]",exo,113,SHYYROW
419,"exo[114]",exo,114,SHYZUSA
420,"exo[115]",exo,115,SHYZROW
421,"z1l[254]",z1l,254,STM1USA
422,"z1l[255]",z1l,255,STM1ROW
423,"z1l[256]",z1l,256,STM2USA
424,"z1l[257]",z1l,257,STM2ROW
421,"z1r[254]",z1r,254,STM1USA
422,"z1r[255]",z1r,255,STM1ROW
423,"z1r[256]",z1r,256,STM2USA
424,"z1r[257]",z1r,257,STM2ROW
425,"z1l[258]",z1l,258,STMTUSA
426,"z1l[259]",z1l,259,STMTROW
425,"z1r[258]",z1r,258,STMTUSA
426,"z1r[259]",z1r,259,STMTROW
427,"exo[116]",exo,116,TAX1USA
428,"exo[117]",exo,117,TAX1ROW
429,"exo[118]",exo,118,TAX2USA
430,"exo[119]",exo,119,TAX2ROW
431,"z1l[260]",z1l,260,TAXCUSA
432,"z1l[261]",z1l,261,TAXCROW
431,"z1r[260]",z1r,260,TAXCUSA
432,"z1r[261]",z1r,261,TAXCROW
433,"z1l[262]",z1l,262,TAXEUSA
434,"z1l[263]",z1l,263,TAXEROW
433,"z1r[262]",z1r,262,TAXEUSA
434,"z1r[263]",z1r,263,TAXEROW
435,"z1l[264]",z1l,264,TAXHUSA
436,"z1l[265]",z1l,265,TAXHROW
435,"z1r[264]",z1r,264,TAXHUSA
436,"z1r[265]",z1r,265,TAXHROW
437,"z1l[266]",z1l,266,TAXLUSA
438,"z1l[267]",z1l,267,TAXLROW
437,"z1r[266]",z1r,266,TAXLUSA
438,"z1r[267]",z1r,267,TAXLROW
439,"z1l[268]",z1l,268,TAXMUSA
440,"z1l[269]",z1l,269,TAXMROW
439,"z1r[268]",z1r,268,TAXMUSA
440,"z1r[269]",z1r,269,TAXMROW
441,"exo[120]",exo,120,TAXSUSA
442,"exo[121]",exo,121,TAXSROW
443,"z1l[270]",z1l,270,TAXTUSA
444,"z1l[271]",z1l,271,TAXTROW
443,"z1r[270]",z1r,270,TAXTUSA
444,"z1r[271]",z1r,271,TAXTROW
445,"z1l[272]",z1l,272,TAXXUSA
446,"z1l[273]",z1l,273,TAXXROW
445,"z1r[272]",z1r,272,TAXXUSA
446,"z1r[273]",z1r,273,TAXXROW
447,"z1l[274]",z1l,274,TBALUSA
448,"z1l[275]",z1l,275,TBALROW
447,"z1r[274]",z1r,274,TBALUSA
448,"z1r[275]",z1r,275,TBALROW
449,"z1l[276]",z1l,276,TBAUUSA
450,"z1l[277]",z1l,277,TBAUROW
449,"z1r[276]",z1r,276,TBAUUSA
450,"z1r[277]",z1r,277,TBAUROW
451,"exo[122]",exo,122,TBFDUSA
452,"exo[123]",exo,123,TBFDROW
453,"exo[124]",exo,124,TBFIUSA
454,"exo[125]",exo,125,TBFIROW
455,"exo[126]",exo,126,TBFXUSA
456,"exo[127]",exo,127,TBFXROW
457,"exo[128]",exo,128,TCORUSA
458,"exo[129]",exo,129,TCORROW
459,"exo[130]",exo,130,TCP1USA
460,"exo[131]",exo,131,TCP1ROW
461,"exo[132]",exo,132,TCP2USA
462,"exo[133]",exo,133,TCP2ROW
463,"exo[134]",exo,134,TEX1USA
464,"exo[135]",exo,135,TEX1ROW
465,"exo[136]",exo,136,TEX2USA
466,"exo[137]",exo,137,TEX2ROW
467,"exo[138]",exo,138,TIF1USA
468,"exo[139]",exo,139,TIF1ROW
469,"exo[140]",exo,140,TIF2USA
470,"exo[141]",exo,141,TIF2ROW
471,"exo[142]",exo,142,TIM1UU
472,"exo[143]",exo,143,TIM1UR
473,"exo[144]",exo,144,TIM1RU
474,"exo[145]",exo,145,TIM1RR
475,"exo[146]",exo,146,TIM2UU
476,"exo[147]",exo,147,TIM2UR
477,"exo[148]",exo,148,TIM2RU
478,"exo[149]",exo,149,TIM2RR
479,"exo[150]",exo,150,TINCUSA
480,"exo[151]",exo,151,TINCROW
481,"exo[152]",exo,152,TITC1USA
482,"exo[153]",exo,153,TITC1ROW
483,"exo[154]",exo,154,TITC2USA
484,"exo[155]",exo,155,TITC2ROW
485,"exo[156]",exo,156,TITCHUSA
486,"exo[157]",exo,157,TITCHROW
487,"exo[158]",exo,158,TIX1USA
488,"exo[159]",exo,159,TIX1ROW
489,"exo[160]",exo,160,TIX2USA
490,"exo[161]",exo,161,TIX2ROW
491,"z1l[278]",z1l,278,TOB1USA
492,"z1l[279]",z1l,279,TOB1ROW
493,"z1l[280]",z1l,280,TOB2USA
494,"z1l[281]",z1l,281,TOB2ROW
491,"z1r[278]",z1r,278,TOB1USA
492,"z1r[279]",z1r,279,TOB1ROW
493,"z1r[280]",z1r,280,TOB2USA
494,"z1r[281]",z1r,281,TOB2ROW
495,"z1l[282]",z1l,282,TOBYUSA
496,"z1l[283]",z1l,283,TOBYROW
495,"z1r[282]",z1r,282,TOBYUSA
496,"z1r[283]",z1r,283,TOBYROW
497,"z1l[284]",z1l,284,TOBZUSA
498,"z1l[285]",z1l,285,TOBZROW
497,"z1r[284]",z1r,284,TOBZUSA
498,"z1r[285]",z1r,285,TOBZROW
499,"x1l[34]",x1l,34,TPA1USA
500,"x1l[35]",x1l,35,TPA1ROW
501,"x1l[36]",x1l,36,TPA2USA
502,"x1l[37]",x1l,37,TPA2ROW
499,"yxr[34]",yxr,34,TPA1USA
500,"yxr[35]",yxr,35,TPA1ROW
501,"yxr[36]",yxr,36,TPA2USA
502,"yxr[37]",yxr,37,TPA2ROW
503,"x1l[38]",x1l,38,TPAYUSA
504,"x1l[39]",x1l,39,TPAYROW
503,"yxr[38]",yxr,38,TPAYUSA
504,"yxr[39]",yxr,39,TPAYROW
505,"x1l[40]",x1l,40,TPAZUSA
506,"x1l[41]",x1l,41,TPAZROW
505,"yxr[40]",yxr,40,TPAZUSA
506,"yxr[41]",yxr,41,TPAZROW
507,"z1l[286]",z1l,286,TRANUSA
508,"z1l[287]",z1l,287,TRANROW
507,"z1r[286]",z1r,286,TRANUSA
508,"z1r[287]",z1r,287,TRANROW
509,"exo[162]",exo,162,TRANXUSA
510,"exo[163]",exo,163,TRANXROW
511,"exo[164]",exo,164,TXGS11USA
512,"exo[165]",exo,165,TXGS11ROW
513,"exo[166]",exo,166,TXGS21USA
514,"exo[167]",exo,167,TXGS21ROW
515,"z1l[288]",z1l,288,TXM1USA
516,"z1l[289]",z1l,289,TXM1ROW
517,"z1l[290]",z1l,290,TXM2USA
518,"z1l[291]",z1l,291,TXM2ROW
515,"z1r[288]",z1r,288,TXM1USA
516,"z1r[289]",z1r,289,TXM1ROW
517,"z1r[290]",z1r,290,TXM2USA
518,"z1r[291]",z1r,291,TXM2ROW
519,"z1l[292]",z1l,292,WAG1USA
520,"z1l[293]",z1l,293,WAG1ROW
521,"z1l[294]",z1l,294,WAG2USA
522,"z1l[295]",z1l,295,WAG2ROW
519,"z1r[292]",z1r,292,WAG1USA
520,"z1r[293]",z1r,293,WAG1ROW
521,"z1r[294]",z1r,294,WAG2USA
522,"z1r[295]",z1r,295,WAG2ROW
523,"x1l[42]",x1l,42,WAGEUSA
524,"x1l[43]",x1l,43,WAGEROW
523,"yxr[42]",yxr,42,WAGEUSA
524,"yxr[43]",yxr,43,WAGEROW
525,"z1l[296]",z1l,296,WAGGUSA
526,"z1l[297]",z1l,297,WAGGROW
525,"z1r[296]",z1r,296,WAGGUSA
526,"z1r[297]",z1r,297,WAGGROW
527,"j1l[10]",j1l,10,WELHUSA
528,"j1l[11]",j1l,11,WELHROW
527,"yjr[10]",yjr,10,WELHUSA
528,"yjr[11]",yjr,11,WELHROW
529,"z1l[298]",z1l,298,WELTUSA
530,"z1l[299]",z1l,299,WELTROW
529,"z1r[298]",z1r,298,WELTUSA
530,"z1r[299]",z1r,299,WELTROW
531,"z1l[300]",z1l,300,YGROUSA
532,"z1l[301]",z1l,301,YGROROW
531,"z1r[300]",z1r,300,YGROUSA
532,"z1r[301]",z1r,301,YGROROW
533,"exo[168]",exo,168,YRATNUSA
534,"exo[169]",exo,169,YRATNROW
535,"exo[170]",exo,170,YRATPUSA
536,"exo[171]",exo,171,YRATPROW
537,"exo[172]",exo,172,YRATRUSA
538,"exo[173]",exo,173,YRATRROW
